seed,sigma,health,bal_acc,macro_f1,dispersion,epsilon,route,rc_mode,rc_certified,iid_rc_mode,s_bacc_mode,cluster_se,iid_se,teacher_test_bal_acc,test_health,test_health_region,cluster_interval_contains_test_estimate,hard,hard_mf1,kd,kd_mf1,hakd,hakd_mf1,ctkd_global,ctkd_global_mf1,kd_meanmatched,kd_meanmatched_mf1,hakd_class,hakd_class_mf1,hakd_confidence,hakd_confidence_mf1,kd_gain,hakd_gain_hard,hakd_gain_kd,tcrd,rc_tcrd,t_bacc,s_bacc,tcrd_mf1,rc_tcrd_mf1,t_bacc_mf1,s_bacc_mf1,w_1_1_1_mode,w_1_1_1,w_1_1_1_mf1,w_1_0_0_mode,w_1_0_0,w_1_0_0_mf1,w_0_1_0_mode,w_0_1_0,w_0_1_0_mf1,w_0_0_1_mode,w_0_0_1,w_0_0_1_mf1,w_1_1_0_mode,w_1_1_0,w_1_1_0_mf1,w_1_0_1_mode,w_1_0_1,w_1_0_1_mf1,w_0_1_1_mode,w_0_1_1,w_0_1_1_mf1,w_2_1_1_mode,w_2_1_1,w_2_1_1_mf1,w_1_2_1_mode,w_1_2_1,w_1_2_1_mf1,w_1_1_2_mode,w_1_1_2,w_1_1_2_mf1,bal_acc_prediction,bal_acc_squared_error,health_prediction,health_squared_error,bal_acc+macro_f1+dispersion_prediction,bal_acc+macro_f1+dispersion_squared_error
0,0.5,0.6268299377280429,0.6901540794813462,0.6481503948369457,0.5421853388658369,31.303669169923868,kd,kd,True,kd,hakd,0.018395880548854198,0.013891586160124827,0.7140039464575249,0.6562502692750293,kd,True,0.67461736669035,0.681280802336275,0.7165184467854475,0.6967178410297662,0.7135972455639359,0.6998075859638869,0.724693312655991,0.6974372119412354,0.718527969065967,0.7040253847871831,0.7200778446147821,0.7026991758301683,0.719466974891148,0.7156536431126836,0.04190108009509752,0.038979878873585894,-0.0029212012215116268,0.7165184467854475,0.7165184467854475,0.7165184467854475,0.7135972455639359,0.6967178410297662,0.6967178410297662,0.6967178410297662,0.6998075859638869,kd,0.7165184467854475,0.6967178410297662,kd,0.7165184467854475,0.6967178410297662,kd,0.7165184467854475,0.6967178410297662,hakd,0.7135972455639359,0.6998075859638869,kd,0.7165184467854475,0.6967178410297662,kd,0.7165184467854475,0.6967178410297662,hakd,0.7135972455639359,0.6998075859638869,kd,0.7165184467854475,0.6967178410297662,kd,0.7165184467854475,0.6967178410297662,kd,0.7165184467854475,0.6967178410297662,0.04130080228997764,3.603334433195451e-07,0.043193824488997556,1.6711880679599715e-06,0.04156960554714439,1.0987537594073355e-07
0,1.0,0.6228999753365925,0.6849082106280676,0.6443726282447805,0.5394190871369295,4.3525929589290735,kd,hard,False,kd,hakd,0.018404352707242836,0.014160292037892102,0.6948900007514892,0.6462054749709026,kd,True,0.67461736669035,0.681280802336275,0.7115148515922466,0.6843415896484851,0.7043776956832631,0.6879972851071123,0.7121246538594669,0.6851259762911749,0.7150154681550709,0.6998187319562829,0.7127152419112422,0.6954492277028391,0.7155455670100745,0.7052598850906623,0.03689748490189659,0.029760328992913143,-0.00713715590898345,0.7115148515922466,0.67461736669035,0.7115148515922466,0.7043776956832631,0.6843415896484851,0.681280802336275,0.6843415896484851,0.6879972851071123,kd,0.7115148515922466,0.6843415896484851,kd,0.7115148515922466,0.6843415896484851,kd,0.7115148515922466,0.6843415896484851,hakd,0.7043776956832631,0.6879972851071123,kd,0.7115148515922466,0.6843415896484851,kd,0.7115148515922466,0.6843415896484851,hakd,0.7043776956832631,0.6879972851071123,kd,0.7115148515922466,0.6843415896484851,kd,0.7115148515922466,0.6843415896484851,kd,0.7115148515922466,0.6843415896484851,0.038058958396066996,1.3490206776604033e-06,0.039269227272287204,5.62516187150607e-06,0.03865719912793889,3.0965941573356457e-06
0,2.0,0.6152067487453345,0.6669293267668309,0.6212911960943458,0.5573997233748271,1.5505155007745814,kd,hard,False,hard,hakd,0.017237450842230898,0.014144158793881045,0.6748340603423147,0.631243113684944,kd,True,0.67461736669035,0.681280802336275,0.6909103097502323,0.6643768983453914,0.6983295588074547,0.6821342238667336,0.6904093168734401,0.6657464980691791,0.6963716302535934,0.6837361165784333,0.6938727859530708,0.6804728923441915,0.7129924959237398,0.7026055585291026,0.01629294305988227,0.023712192117104736,0.007419249057222466,0.6909103097502323,0.67461736669035,0.6909103097502323,0.6983295588074547,0.6643768983453914,0.681280802336275,0.6643768983453914,0.6821342238667336,kd,0.6909103097502323,0.6643768983453914,kd,0.6909103097502323,0.6643768983453914,kd,0.6909103097502323,0.6643768983453914,hakd,0.6983295588074547,0.6821342238667336,kd,0.6909103097502323,0.6643768983453914,kd,0.6909103097502323,0.6643768983453914,hakd,0.6983295588074547,0.6821342238667336,kd,0.6909103097502323,0.6643768983453914,kd,0.6909103097502323,0.6643768983453914,kd,0.6909103097502323,0.6643768983453914,0.02694836137295395,0.00011353793942654332,0.031586503454558754,0.00023389298954561714,0.025274212383770422,8.066319866821435e-05
0,4.0,0.5881066594868603,0.6156760247660475,0.5691142164884476,0.5795297372060857,0.6884773921257147,hakd,hard,False,hard,hakd,0.018007609945867465,0.013789754979183786,0.6499073874815543,0.612119499419434,kd,True,0.67461736669035,0.681280802336275,0.6865158051866427,0.6586812674810711,0.700875300026416,0.6874386244227942,0.6798667615137272,0.6509062830882839,0.703864320312073,0.6892957914250472,0.701781712849101,0.687921050272522,0.7005655953389445,0.6913588167282395,0.011898438496292685,0.026257933336065964,0.014359494839773279,0.700875300026416,0.67461736669035,0.6865158051866427,0.700875300026416,0.6874386244227942,0.681280802336275,0.6586812674810711,0.6874386244227942,hakd,0.700875300026416,0.6874386244227942,kd,0.6865158051866427,0.6586812674810711,hakd,0.700875300026416,0.6874386244227942,hakd,0.700875300026416,0.6874386244227942,hakd,0.700875300026416,0.6874386244227942,hakd,0.700875300026416,0.6874386244227942,hakd,0.700875300026416,0.6874386244227942,hakd,0.700875300026416,0.6874386244227942,hakd,0.700875300026416,0.6874386244227942,hakd,0.700875300026416,0.6874386244227942,-0.004725172369726749,0.0002763444382248394,0.004523411169556402,5.439102807010693e-05,-0.008250571953242374,0.0004059826220954729
0,8.0,0.5701623941151394,0.5938721531961701,0.5536828023166062,0.5629322268326418,0.3238927928737457,hakd,hakd,True,hakd,hard,0.017974092917907875,0.014656274708230494,0.61025515339491,0.5821693907886639,hakd,True,0.67461736669035,0.681280802336275,0.6507384378814377,0.6243381217857799,0.6760431326401415,0.6651675187111982,0.6448904846650635,0.6182629245719301,0.6762921346395584,0.6684703393508621,0.6736844809486072,0.6633649794506797,0.6761856024894791,0.6627495423379971,-0.023878928808912292,0.001425765949791491,0.025304694758703783,0.6760431326401415,0.6760431326401415,0.6507384378814377,0.67461736669035,0.6651675187111982,0.6651675187111982,0.6243381217857799,0.681280802336275,hakd,0.6760431326401415,0.6651675187111982,hakd,0.6760431326401415,0.6651675187111982,hakd,0.6760431326401415,0.6651675187111982,hakd,0.6760431326401415,0.6651675187111982,hakd,0.6760431326401415,0.6651675187111982,hakd,0.6760431326401415,0.6651675187111982,hakd,0.6760431326401415,0.6651675187111982,hakd,0.6760431326401415,0.6651675187111982,hakd,0.6760431326401415,0.6651675187111982,hakd,0.6760431326401415,0.6651675187111982,-0.01819953665320321,3.2255495258329866e-05,-0.013396356736359154,0.00010988431725627098,-0.020295446860648665,1.2841342873531279e-05
1,0.5,0.6306422085800153,0.6980168829112605,0.650341278098495,0.5435684647302905,31.410917366067462,kd,kd,True,kd,kd,0.01920204343410236,0.013431179478865692,0.7123808433987356,0.6572034344237522,kd,True,0.6787884882084495,0.6884477670696753,0.7270550955530051,0.6967711066606045,0.7343953528356196,0.7166660029386378,0.7262803356879998,0.6949750719822757,0.7321899878850813,0.7161880392430224,0.7314415586116122,0.7116105602007207,0.7313126810406079,0.7208096170766886,0.04826660734455557,0.05560686462717013,0.0073402572826145596,0.7270550955530051,0.7270550955530051,0.7270550955530051,0.7270550955530051,0.6967711066606045,0.6967711066606045,0.6967711066606045,0.6967711066606045,kd,0.7270550955530051,0.6967711066606045,kd,0.7270550955530051,0.6967711066606045,kd,0.7270550955530051,0.6967711066606045,hakd,0.7343953528356196,0.7166660029386378,kd,0.7270550955530051,0.6967711066606045,kd,0.7270550955530051,0.6967711066606045,hakd,0.7343953528356196,0.7166660029386378,kd,0.7270550955530051,0.6967711066606045,kd,0.7270550955530051,0.6967711066606045,kd,0.7270550955530051,0.6967711066606045,0.04607631626190035,4.797375026758975e-06,0.046642707192371825,2.6370517042623814e-06,0.04510441437206582,9.999464395263559e-06
1,1.0,0.6137165330267371,0.6777213069673258,0.6364573377560391,0.5269709543568465,4.3700538328001395,kd,hard,False,hard,kd,0.018778664373215997,0.014205702561500246,0.6999938656838097,0.6431761927155006,kd,True,0.6787884882084495,0.6884477670696753,0.7189328908655335,0.6952517497274227,0.7202025235238928,0.7074835359278979,0.7193901180293673,0.6932002417293671,0.719471529371846,0.7065105712966456,0.7262944261126596,0.7125251986432893,0.7268930556694176,0.7222933193487243,0.040144402657083966,0.0414140353154433,0.001269632658359332,0.7189328908655335,0.6787884882084495,0.7189328908655335,0.7189328908655335,0.6952517497274227,0.6884477670696753,0.6952517497274227,0.6952517497274227,kd,0.7189328908655335,0.6952517497274227,kd,0.7189328908655335,0.6952517497274227,kd,0.7189328908655335,0.6952517497274227,hakd,0.7202025235238928,0.7074835359278979,kd,0.7189328908655335,0.6952517497274227,kd,0.7189328908655335,0.6952517497274227,hakd,0.7202025235238928,0.7074835359278979,kd,0.7189328908655335,0.6952517497274227,kd,0.7189328908655335,0.6952517497274227,hakd,0.7202025235238928,0.7074835359278979,0.033255951300191294,4.7450762096276495e-05,0.029267947449986016,0.00011829727787200811,0.032564782495057384,5.745064180059987e-05
1,2.0,0.5795497651788718,0.6247470479904669,0.5896975449182095,0.5242047026279392,1.5564007857753206,hakd,hard,False,hakd,hakd,0.018849440143348672,0.014562425231424413,0.6776675166466269,0.6300772081927303,kd,False,0.6787884882084495,0.6884477670696753,0.6940023751616842,0.6704129657564145,0.7108858351095808,0.6995885470654525,0.6973762490663314,0.6727160871976657,0.7085840432630123,0.6963493144803513,0.7119668126377731,0.6948128839252409,0.7113407850330655,0.7015742218671023,0.015213886953234668,0.03209734690113131,0.01688345994789664,0.7108858351095808,0.6787884882084495,0.6940023751616842,0.7108858351095808,0.6995885470654525,0.6884477670696753,0.6704129657564145,0.6995885470654525,hakd,0.7108858351095808,0.6995885470654525,kd,0.6940023751616842,0.6704129657564145,hakd,0.7108858351095808,0.6995885470654525,hakd,0.7108858351095808,0.6995885470654525,kd,0.6940023751616842,0.6704129657564145,hakd,0.7108858351095808,0.6995885470654525,hakd,0.7108858351095808,0.6995885470654525,hakd,0.7108858351095808,0.6995885470654525,hakd,0.7108858351095808,0.6995885470654525,hakd,0.7108858351095808,0.6995885470654525,-0.0002069736020401912,0.00023780294026523203,-0.005805357639780745,0.00044180864326100774,-0.0009893259159533523,0.0002625441072842203
1,4.0,0.5803621857423137,0.6050305409031441,0.5606756567110723,0.5753803596127247,0.6910224771003589,hakd,hard,False,hakd,hakd,0.018392379260490054,0.013823888745221467,0.6338813085250771,0.6057454815434004,kd,True,0.6787884882084495,0.6884477670696753,0.666429691342843,0.6406060549989382,0.6990443276220145,0.6912943938784353,0.6604291630230822,0.633768113112772,0.6997842172441748,0.689408063567925,0.69542458292343,0.682707911400219,0.6976698707438378,0.6912840034056323,-0.01235879686560648,0.020255839413565013,0.032614636279171494,0.6990443276220145,0.6787884882084495,0.666429691342843,0.6990443276220145,0.6912943938784353,0.6884477670696753,0.6406060549989382,0.6912943938784353,hakd,0.6990443276220145,0.6912943938784353,kd,0.666429691342843,0.6406060549989382,hakd,0.6990443276220145,0.6912943938784353,hakd,0.6990443276220145,0.6912943938784353,hakd,0.6990443276220145,0.6912943938784353,hakd,0.6990443276220145,0.6912943938784353,hakd,0.6990443276220145,0.6912943938784353,hakd,0.6990443276220145,0.6912943938784353,hakd,0.6990443276220145,0.6912943938784353,hakd,0.6990443276220145,0.6912943938784353,-0.012661550763480217,9.165992267774089e-08,-0.004971381350022397,5.457390799989245e-05,-0.013798680624658216,2.0732652395809574e-06
1,8.0,0.5304461689143096,0.5389900252493688,0.5101631426277234,0.5421853388658369,0.32506397810152254,hakd,hakd,True,hakd,hard,0.01944106664662378,0.01477546226229135,0.5974555681942394,0.5735738957251373,hakd,False,0.6787884882084495,0.6884477670696753,0.6445200772895374,0.6266827568085586,0.6826403690951158,0.6778789879525752,0.6408426187808566,0.6199788638167746,0.6832501713623363,0.677749810456931,0.68522710064036,0.6767552175512513,0.6780468906560274,0.6768461666937604,-0.034268410918912084,0.0038518808866663257,0.03812029180557841,0.6826403690951158,0.6826403690951158,0.6445200772895374,0.6787884882084495,0.6778789879525752,0.6778789879525752,0.6266827568085586,0.6884477670696753,hakd,0.6826403690951158,0.6778789879525752,hakd,0.6826403690951158,0.6778789879525752,hakd,0.6826403690951158,0.6778789879525752,hakd,0.6826403690951158,0.6778789879525752,hakd,0.6826403690951158,0.6778789879525752,hakd,0.6826403690951158,0.6778789879525752,hakd,0.6826403690951158,0.6778789879525752,hakd,0.6826403690951158,0.6778789879525752,hakd,0.6826403690951158,0.6778789879525752,hakd,0.6826403690951158,0.6778789879525752,-0.054378204446022434,0.0004044037957030093,-0.056211805813640485,0.0004815125795059924,-0.05500007706130927,0.00042980198103981785
2,0.5,0.6265100722786766,0.6985372032365857,0.6637039402937736,0.5172890733056708,31.303669169923868,kd,hard,False,kd,kd,0.020769943749652988,0.014362854160737832,0.7147860361899037,0.656896026569217,kd,True,0.6929312893962581,0.6915056337162148,0.7334702951075768,0.7076394662290516,0.7302657197901296,0.7139160077570116,0.7266350158723652,0.7007518042430076,0.7281114504199232,0.7116787094206574,0.7218646954874205,0.7065920483964013,0.7191808254085369,0.7096225792295132,0.04053900571131863,0.03733443039387141,-0.0032045753174472225,0.7334702951075768,0.6929312893962581,0.7334702951075768,0.7334702951075768,0.7076394662290516,0.6915056337162148,0.7076394662290516,0.7076394662290516,kd,0.7334702951075768,0.7076394662290516,kd,0.7334702951075768,0.7076394662290516,kd,0.7334702951075768,0.7076394662290516,hakd,0.7302657197901296,0.7139160077570116,kd,0.7334702951075768,0.7076394662290516,kd,0.7334702951075768,0.7076394662290516,hakd,0.7302657197901296,0.7139160077570116,kd,0.7334702951075768,0.7076394662290516,kd,0.7334702951075768,0.7076394662290516,hakd,0.7302657197901296,0.7139160077570116,0.04856499973119923,6.441658000715914e-05,0.044071876573746054,1.2481176530588673e-05,0.05254538845033935,0.0001441532264758546
2,1.0,0.6145504908619261,0.680291326050182,0.644687947365472,0.5186721991701244,4.3525929589290735,kd,hard,False,hard,hakd,0.019967230528153038,0.01462615784030187,0.6978577430726349,0.6485004817163639,kd,True,0.6929312893962581,0.6915056337162148,0.7096292965832286,0.6846252124416318,0.7167747786522382,0.6987434702040579,0.7099316714033265,0.6822581686718578,0.7183893420597184,0.7020783754230498,0.720051514023246,0.7027579797342359,0.7018638358291888,0.6960954827863236,0.016698007186970454,0.02384348925598001,0.007145482069009557,0.7096292965832286,0.6929312893962581,0.7096292965832286,0.7167747786522382,0.6846252124416318,0.6915056337162148,0.6846252124416318,0.6987434702040579,kd,0.7096292965832286,0.6846252124416318,kd,0.7096292965832286,0.6846252124416318,kd,0.7096292965832286,0.6846252124416318,hakd,0.7167747786522382,0.6987434702040579,kd,0.7096292965832286,0.6846252124416318,hakd,0.7167747786522382,0.6987434702040579,hakd,0.7167747786522382,0.6987434702040579,kd,0.7096292965832286,0.6846252124416318,kd,0.7096292965832286,0.6846252124416318,hakd,0.7167747786522382,0.6987434702040579,0.03706569733779397,0.0004148428020799532,0.03191591135203252,0.00023158460717701335,0.040194807592204465,0.0005520996292834052
2,2.0,0.6070274245633223,0.6645748856278594,0.6267701819763539,0.5297372060857538,1.5505155007745814,kd,hard,False,hard,hakd,0.019484553960847383,0.014301455311704906,0.6770758611384379,0.6344490367191981,kd,True,0.6929312893962581,0.6915056337162148,0.6883251438077279,0.6661809219764181,0.7046076969585178,0.6918707588061702,0.6925023854092656,0.6663488967507663,0.7016399546373723,0.6871058447914766,0.6951597114053305,0.6768006367033212,0.702327681222787,0.6938601492897069,-0.0046061455885302305,0.011676407562259628,0.016282553150789858,0.6883251438077279,0.6929312893962581,0.6883251438077279,0.7046076969585178,0.6661809219764181,0.6915056337162148,0.6661809219764181,0.6918707588061702,kd,0.6883251438077279,0.6661809219764181,kd,0.6883251438077279,0.6661809219764181,kd,0.6883251438077279,0.6661809219764181,hakd,0.7046076969585178,0.6918707588061702,kd,0.6883251438077279,0.6661809219764181,hakd,0.7046076969585178,0.6918707588061702,hakd,0.7046076969585178,0.6918707588061702,kd,0.6883251438077279,0.6661809219764181,kd,0.6883251438077279,0.6661809219764181,hakd,0.7046076969585178,0.6918707588061702,0.027160550047922928,0.0010091229516590522,0.02426931160077451,0.0008337920278913707,0.0286843694225413,0.0011082583897023786
2,4.0,0.5750338083673168,0.6006926493504329,0.5628596747833295,0.5615491009681881,0.6884773921257147,hakd,hard,False,hakd,hakd,0.019600351078860864,0.014153506984738176,0.6435216497239985,0.6061848768185828,kd,True,0.6929312893962581,0.6915056337162148,0.6771836030724527,0.6482521605882609,0.691283279021151,0.6749044916206678,0.6738697202182508,0.6438540408214889,0.6906223811735986,0.6765409369463118,0.69467999649305,0.674339976775136,0.6936966556448234,0.6842181400366946,-0.01574768632380541,-0.0016480103751070896,0.01409967594869832,0.691283279021151,0.6929312893962581,0.6771836030724527,0.691283279021151,0.6749044916206678,0.6915056337162148,0.6482521605882609,0.6749044916206678,hakd,0.691283279021151,0.6749044916206678,kd,0.6771836030724527,0.6482521605882609,hakd,0.691283279021151,0.6749044916206678,hakd,0.691283279021151,0.6749044916206678,hakd,0.691283279021151,0.6749044916206678,hakd,0.691283279021151,0.6749044916206678,hakd,0.691283279021151,0.6749044916206678,hakd,0.691283279021151,0.6749044916206678,hakd,0.691283279021151,0.6749044916206678,hakd,0.691283279021151,0.6749044916206678,-0.01310066321227018,7.006731353001646e-06,-0.00824965977817241,5.622040207901714e-05,-0.014374725989103509,1.8850200806647563e-06
2,8.0,0.5296142843650309,0.5469477429730923,0.5232229109518759,0.5186721991701244,0.3238927928737457,hakd,hakd,True,hakd,hard,0.01928253959938139,0.014774612074574705,0.5929189496001167,0.5780522033377491,hakd,False,0.6929312893962581,0.6915056337162148,0.6413258207174217,0.6211321563045807,0.6884395039715073,0.6780479971508889,0.6427754265271174,0.6216063050286144,0.6826476989624893,0.6744051499903313,0.6776456693720281,0.6600520284257465,0.6790825368685213,0.6697883985144665,-0.05160546867883642,-0.004491785424750816,0.0471136832540856,0.6884395039715073,0.6884395039715073,0.6413258207174217,0.6929312893962581,0.6780479971508889,0.6780479971508889,0.6211321563045807,0.6915056337162148,hakd,0.6884395039715073,0.6780479971508889,hakd,0.6884395039715073,0.6780479971508889,hakd,0.6884395039715073,0.6780479971508889,hakd,0.6884395039715073,0.6780479971508889,hakd,0.6884395039715073,0.6780479971508889,hakd,0.6884395039715073,0.6780479971508889,hakd,0.6884395039715073,0.6780479971508889,hakd,0.6884395039715073,0.6780479971508889,hakd,0.6884395039715073,0.6780479971508889,hakd,0.6884395039715073,0.6780479971508889,-0.04697291414459758,2.1460561512696814e-05,-0.05441500076454502,7.893470540626135e-06,-0.04322411058158371,7.024716355438359e-05
3,0.5,0.6258670992382235,0.6913290501070808,0.6496194121995676,0.5366528354080221,31.303669169923868,kd,kd,True,kd,hakd,0.0190939427680448,0.0138462894824864,0.7194007925935034,0.6625176091671675,kd,False,0.6806016696726239,0.694709857977981,0.722296659516132,0.6936256473897253,0.7332407919786487,0.7184654207248286,0.722221510584613,0.6898085682717924,0.7348503027591043,0.7200491729179767,0.7328451214680003,0.7181456862823169,0.7349742700306061,0.7291196906533428,0.04169498984350806,0.052639122306024744,0.010944132462516687,0.722296659516132,0.722296659516132,0.722296659516132,0.7332407919786487,0.6936256473897253,0.6936256473897253,0.6936256473897253,0.7184654207248286,kd,0.722296659516132,0.6936256473897253,kd,0.722296659516132,0.6936256473897253,kd,0.722296659516132,0.6936256473897253,hakd,0.7332407919786487,0.7184654207248286,kd,0.722296659516132,0.6936256473897253,kd,0.722296659516132,0.6936256473897253,hakd,0.7332407919786487,0.7184654207248286,kd,0.722296659516132,0.6936256473897253,kd,0.722296659516132,0.6936256473897253,kd,0.722296659516132,0.6936256473897253,0.04155342153417428,2.004158620762355e-08,0.04130479143552359,1.5225479759361254e-07,0.04219179659289683,2.4681694623824175e-07
3,1.0,0.6051388309372641,0.6696790080247993,0.6408965442614051,0.5048409405255878,4.3525929589290735,kd,hard,False,hard,kd,0.019501490691157284,0.014599944741150755,0.7013102529330856,0.6500945403466828,kd,False,0.6806016696726239,0.694709857977981,0.7202070780045909,0.7012218445346838,0.7235354071022572,0.7157301972831768,0.7167456726740267,0.6946558886076605,0.7241138261509171,0.7143809332065177,0.7329507996529485,0.7195769210983166,0.7204213520886849,0.7163314508785149,0.03960540833196702,0.042933737429633245,0.003328329097666227,0.7202070780045909,0.6806016696726239,0.7202070780045909,0.7202070780045909,0.7012218445346838,0.694709857977981,0.7012218445346838,0.7012218445346838,kd,0.7202070780045909,0.7012218445346838,kd,0.7202070780045909,0.7012218445346838,kd,0.7202070780045909,0.7012218445346838,hakd,0.7235354071022572,0.7157301972831768,kd,0.7202070780045909,0.7012218445346838,hakd,0.7235354071022572,0.7157301972831768,hakd,0.7235354071022572,0.7157301972831768,kd,0.7202070780045909,0.7012218445346838,kd,0.7202070780045909,0.7012218445346838,hakd,0.7235354071022572,0.7157301972831768,0.028238770414296763,0.0001292004575514192,0.0206607986597825,0.00035889823563142715,0.030180950180160326,8.882041145515561e-05
3,2.0,0.5985920740146957,0.6509293934318309,0.6151096225265024,0.5297372060857538,1.5505155007745814,hakd,hard,False,hard,hakd,0.019179988556972373,0.014750283392044443,0.671625144035452,0.6300924867974848,kd,True,0.6806016696726239,0.694709857977981,0.7013757947568818,0.6789197392287586,0.7202513418638757,0.7144651945192644,0.6961062605891676,0.6723354722129073,0.7177559845876372,0.7115948868008165,0.7153434619290958,0.7038033835802229,0.7142725896549525,0.71465205958445,0.02077412508425791,0.03964967219125182,0.018875547106993906,0.7202513418638757,0.6806016696726239,0.7013757947568818,0.7202513418638757,0.7144651945192644,0.694709857977981,0.6789197392287586,0.7144651945192644,hakd,0.7202513418638757,0.7144651945192644,kd,0.7013757947568818,0.6789197392287586,kd,0.7013757947568818,0.6789197392287586,hakd,0.7202513418638757,0.7144651945192644,kd,0.7013757947568818,0.6789197392287586,hakd,0.7202513418638757,0.7144651945192644,hakd,0.7202513418638757,0.7144651945192644,kd,0.7013757947568818,0.6789197392287586,kd,0.7013757947568818,0.6789197392287586,hakd,0.7202513418638757,0.7144651945192644,0.016707865486317468,1.6534467117842773e-05,0.014140659077848478,4.400287125818951e-05,0.017291129163912303,1.2131260581144147e-05
3,4.0,0.5895709844768772,0.6210757231069223,0.5805556258977065,0.5670816044260027,0.6884773921257147,hakd,hard,False,hard,hakd,0.017750902705354055,0.014096710088855467,0.6349982237525277,0.594324551541268,hakd,True,0.6806016696726239,0.694709857977981,0.6708245517252373,0.6445343627842913,0.6938975509418667,0.6857922663391349,0.6724902107130495,0.6472058401110938,0.6985836134338963,0.6918913945330522,0.6926671295157676,0.6830683510193448,0.7011978853546118,0.6979884819197775,-0.009777117947386671,0.013295881269242749,0.02307299921662942,0.6938975509418667,0.6806016696726239,0.6708245517252373,0.6938975509418667,0.6857922663391349,0.694709857977981,0.6445343627842913,0.6857922663391349,hakd,0.6938975509418667,0.6857922663391349,kd,0.6708245517252373,0.6445343627842913,hakd,0.6938975509418667,0.6857922663391349,hakd,0.6938975509418667,0.6857922663391349,kd,0.6708245517252373,0.6445343627842913,hakd,0.6938975509418667,0.6857922663391349,hakd,0.6938975509418667,0.6857922663391349,hakd,0.6938975509418667,0.6857922663391349,hakd,0.6938975509418667,0.6857922663391349,hakd,0.6938975509418667,0.6857922663391349,-0.0016519697284744332,6.601803357929271e-05,0.005156246846971486,0.00022300538408137564,-0.0011373774524467625,7.464511581990449e-05
3,8.0,0.5421751690593217,0.556772747347983,0.5289505468285989,0.5408022130013832,0.3238927928737457,hakd,hakd,True,hakd,hakd,0.0174374593987082,0.015063052114734974,0.6037335640177807,0.5840452852658586,hakd,False,0.6806016696726239,0.694709857977981,0.6474184349437977,0.627493334595068,0.6719848056830809,0.6712571700217888,0.6432260354611867,0.6213975951409674,0.6873635790703393,0.6849411773350719,0.6826864120484233,0.6766079543430923,0.681605434520231,0.6810472542518756,-0.03318323472882623,-0.008616863989542978,0.02456637073928325,0.6719848056830809,0.6719848056830809,0.6474184349437977,0.6719848056830809,0.6712571700217888,0.6712571700217888,0.627493334595068,0.6712571700217888,hakd,0.6719848056830809,0.6712571700217888,hakd,0.6719848056830809,0.6712571700217888,hakd,0.6719848056830809,0.6712571700217888,hakd,0.6719848056830809,0.6712571700217888,hakd,0.6719848056830809,0.6712571700217888,hakd,0.6719848056830809,0.6712571700217888,hakd,0.6719848056830809,0.6712571700217888,hakd,0.6719848056830809,0.6712571700217888,hakd,0.6719848056830809,0.6712571700217888,hakd,0.6719848056830809,0.6712571700217888,-0.04119792926732045,6.423532854536914e-05,-0.04204687002097667,7.856403059225489e-05,-0.040737789906444576,5.7071303931680194e-05
4,0.5,0.6206881922727141,0.6842627267651641,0.6425321405094101,0.5352697095435685,31.303669169923868,kd,hard,False,kd,hakd,0.01863761212134609,0.014292371495030636,0.7085497423302544,0.6504082128630272,kd,True,0.6961464681140807,0.7017437805161592,0.724668547667195,0.7017194537969066,0.7129065301005629,0.7010348288509842,0.7184868364121623,0.6950728757921852,0.7172924950128436,0.7057477159749158,0.7212536834362647,0.7026907052878055,0.7135775332021642,0.7038684634021256,0.028522079553114366,0.016760061986482278,-0.011762017566632088,0.724668547667195,0.6961464681140807,0.724668547667195,0.7129065301005629,0.7017194537969066,0.7017437805161592,0.7017194537969066,0.7010348288509842,kd,0.724668547667195,0.7017194537969066,kd,0.724668547667195,0.7017194537969066,kd,0.724668547667195,0.7017194537969066,hakd,0.7129065301005629,0.7010348288509842,kd,0.724668547667195,0.7017194537969066,kd,0.724668547667195,0.7017194537969066,hakd,0.7129065301005629,0.7010348288509842,kd,0.724668547667195,0.7017194537969066,kd,0.724668547667195,0.7017194537969066,hakd,0.7129065301005629,0.7010348288509842,0.03977208880068693,0.00012656270807046824,0.038304442456243246,9.56946239685121e-05,0.040066705215793405,0.00013327838169138745
4,1.0,0.6164604781831824,0.6802959092689349,0.642114570923766,0.5269709543568465,4.3525929589290735,kd,hard,False,hard,hakd,0.018883961065213336,0.01456102420298506,0.679760229363648,0.6320854571627704,kd,True,0.6961464681140807,0.7017437805161592,0.6976046847388461,0.6729586997035509,0.7090900887668289,0.6912717681127619,0.7000489464347525,0.6753673032754893,0.7070233508225391,0.694426029198849,0.7091040368639668,0.691783264592834,0.7007518309012406,0.6887151512817896,0.0014582166247654182,0.012943620652748233,0.011485404027982815,0.6976046847388461,0.6961464681140807,0.6976046847388461,0.7090900887668289,0.6729586997035509,0.7017437805161592,0.6729586997035509,0.6912717681127619,kd,0.6976046847388461,0.6729586997035509,kd,0.6976046847388461,0.6729586997035509,kd,0.6976046847388461,0.6729586997035509,hakd,0.7090900887668289,0.6912717681127619,kd,0.6976046847388461,0.6729586997035509,kd,0.6976046847388461,0.6729586997035509,hakd,0.7090900887668289,0.6912717681127619,kd,0.6976046847388461,0.6729586997035509,kd,0.6976046847388461,0.6729586997035509,hakd,0.7090900887668289,0.6912717681127619,0.03737364008478857,0.0012899176423127815,0.03419672977629096,0.0010718102433726108,0.04005507067326927,0.0014897171424415082
4,2.0,0.5823336693146564,0.6185720356991076,0.5793280040567564,0.5491009681881052,1.5505155007745814,hakd,hard,False,hard,hakd,0.018241793469170233,0.014621945862917804,0.6460352960867901,0.6136584635100343,kd,True,0.6961464681140807,0.7017437805161592,0.6786061666530032,0.6570528948806568,0.6972977554380501,0.6870717773704063,0.6830835058342898,0.6593087037910476,0.6989459793044398,0.6886614659483675,0.70359368452934,0.6876549394404058,0.6940304136834818,0.6892704413238295,-0.017540301461077434,0.0011512873239694077,0.018691588785046842,0.6972977554380501,0.6961464681140807,0.6786061666530032,0.6972977554380501,0.6870717773704063,0.7017437805161592,0.6570528948806568,0.6870717773704063,hakd,0.6972977554380501,0.6870717773704063,kd,0.6786061666530032,0.6570528948806568,hakd,0.6972977554380501,0.6870717773704063,hakd,0.6972977554380501,0.6870717773704063,hakd,0.6972977554380501,0.6870717773704063,hakd,0.6972977554380501,0.6870717773704063,hakd,0.6972977554380501,0.6870717773704063,hakd,0.6972977554380501,0.6870717773704063,hakd,0.6972977554380501,0.6870717773704063,hakd,0.6972977554380501,0.6870717773704063,5.366117359549387e-05,0.00030954752119026724,0.001038592175959474,0.0003451752887763305,-0.0011941607256306316,0.0002671963169430333
4,4.0,0.5881879685694071,0.6308842278943027,0.5928774648125356,0.5408022130013832,0.6884773921257147,hakd,hard,False,hard,hard,0.01894062943782942,0.01492041329945033,0.6352562635495801,0.6011371002845003,kd,True,0.6961464681140807,0.7017437805161592,0.676673003087938,0.6586736270984282,0.6891704981235539,0.6826812925921594,0.672717934747955,0.6529372147294005,0.6934016106920988,0.6872302914614535,0.6916097071924359,0.6807534408332186,0.7040181051993951,0.7001935536901159,-0.019473465026142667,-0.0069759699905267425,0.012497495035615924,0.6891704981235539,0.6961464681140807,0.676673003087938,0.6961464681140807,0.6826812925921594,0.7017437805161592,0.6586736270984282,0.7017437805161592,hakd,0.6891704981235539,0.6826812925921594,kd,0.676673003087938,0.6586736270984282,hakd,0.6891704981235539,0.6826812925921594,hakd,0.6891704981235539,0.6826812925921594,kd,0.676673003087938,0.6586736270984282,hakd,0.6891704981235539,0.6826812925921594,hakd,0.6891704981235539,0.6826812925921594,hakd,0.6891704981235539,0.6826812925921594,hakd,0.6891704981235539,0.6826812925921594,hakd,0.6891704981235539,0.6826812925921594,0.007497956654426281,0.0007274575874710647,0.006726720268755531,0.0006864497094869997,0.007961053177087188,0.0007526527890433502
4,8.0,0.5483324430255936,0.5834514970459072,0.5594711432341932,0.5020746887966805,0.3238927928737457,hakd,hakd,True,hakd,hard,0.017283900216750112,0.015115703342124583,0.5838685559791222,0.5706813481871699,hakd,True,0.6961464681140807,0.7017437805161592,0.6300449413382886,0.6100370298699739,0.673810725460458,0.6698051282051282,0.6262811611876264,0.6061069332613727,0.678634205174801,0.6720324014850355,0.6718538643630104,0.6606949400616409,0.6742904403727388,0.66996633979903,-0.06610152677579206,-0.022335742653622703,0.04376578412216936,0.673810725460458,0.673810725460458,0.6300449413382886,0.6961464681140807,0.6698051282051282,0.6698051282051282,0.6100370298699739,0.7017437805161592,hakd,0.673810725460458,0.6698051282051282,hakd,0.673810725460458,0.6698051282051282,hakd,0.673810725460458,0.6698051282051282,hakd,0.673810725460458,0.6698051282051282,hakd,0.673810725460458,0.6698051282051282,hakd,0.673810725460458,0.6698051282051282,hakd,0.673810725460458,0.6698051282051282,hakd,0.673810725460458,0.6698051282051282,hakd,0.673810725460458,0.6698051282051282,hakd,0.673810725460458,0.6698051282051282,-0.02118119798352476,0.002017835938805399,-0.031997527439447324,0.0011630827707334024,-0.01039488470599555,0.003103229970692423
5,0.5,0.6201820127943005,0.6813124671883203,0.6425807357865594,0.5366528354080221,31.410917366067462,kd,hard,False,kd,hakd,0.018683865417782382,0.014890761306308746,0.7039058799484432,0.6533358995461003,kd,True,0.6699693056466453,0.6765239782913817,0.7117975140505729,0.6864217344935769,0.7234602581707383,0.7103204823508031,0.7091759122624839,0.6819601084520451,0.7223444103997013,0.7089185261955167,0.7165789359822193,0.703230015268939,0.7181160732178317,0.7112689388757164,0.04182820840392765,0.05349095252409308,0.011662744120165436,0.7117975140505729,0.6699693056466453,0.7117975140505729,0.7234602581707383,0.6864217344935769,0.6765239782913817,0.6864217344935769,0.7103204823508031,kd,0.7117975140505729,0.6864217344935769,kd,0.7117975140505729,0.6864217344935769,kd,0.7117975140505729,0.6864217344935769,hakd,0.7234602581707383,0.7103204823508031,kd,0.7117975140505729,0.6864217344935769,kd,0.7117975140505729,0.6864217344935769,hakd,0.7234602581707383,0.7103204823508031,kd,0.7117975140505729,0.6864217344935769,kd,0.7117975140505729,0.6864217344935769,hakd,0.7234602581707383,0.7103204823508031,0.035151385707999604,4.457996131285982e-05,0.03589142570168089,3.5245388853696285e-05,0.036325589654111326,3.027881310583013e-05
5,1.0,0.6149434199197288,0.6694376807246485,0.6276747367108865,0.5477178423236515,4.3700538328001395,kd,hard,False,hard,hakd,0.01925684484237604,0.014759478507044337,0.6855318238645679,0.6391116343017553,kd,True,0.6699693056466453,0.6765239782913817,0.7048197649660235,0.6809053878399824,0.7124151443314933,0.6948915321191228,0.7062278823031097,0.6757602290856369,0.7112992965604561,0.6937522306077857,0.706930766769598,0.6923325393259496,0.6974553831684611,0.6897197215325246,0.034850459319378246,0.04244583868484808,0.007595379365469834,0.7048197649660235,0.6699693056466453,0.7048197649660235,0.7124151443314933,0.6809053878399824,0.6765239782913817,0.6809053878399824,0.6948915321191228,kd,0.7048197649660235,0.6809053878399824,kd,0.7048197649660235,0.6809053878399824,kd,0.7048197649660235,0.6809053878399824,hakd,0.7124151443314933,0.6948915321191228,kd,0.7048197649660235,0.6809053878399824,kd,0.7048197649660235,0.6809053878399824,hakd,0.7124151443314933,0.6948915321191228,kd,0.7048197649660235,0.6809053878399824,kd,0.7048197649660235,0.6809053878399824,hakd,0.7124151443314933,0.6948915321191228,0.02809527435218705,4.563252394096592e-05,0.030836968331020634,1.6108109913627766e-05,0.028792878266362572,3.669428821385449e-05
5,2.0,0.5988224841829459,0.6408298959192686,0.5982378332547421,0.5573997233748271,1.5564007857753206,hakd,hard,False,hard,hakd,0.01949565472102972,0.014132848208123099,0.6617384338962672,0.6219016817504435,kd,True,0.6699693056466453,0.6765239782913817,0.6926200902698074,0.6642168206892264,0.7043742086589787,0.6868408461449911,0.688647586808402,0.6559866585181373,0.7065985743336795,0.6901812082086162,0.6997795204359548,0.6771122630501519,0.6830689884270645,0.6791221196866138,0.022650784623162168,0.034404903012333454,0.011754118389171286,0.7043742086589787,0.6699693056466453,0.6926200902698074,0.7043742086589787,0.6868408461449911,0.6765239782913817,0.6642168206892264,0.6868408461449911,hakd,0.7043742086589787,0.6868408461449911,kd,0.6926200902698074,0.6642168206892264,hakd,0.7043742086589787,0.6868408461449911,hakd,0.7043742086589787,0.6868408461449911,kd,0.6926200902698074,0.6642168206892264,hakd,0.7043742086589787,0.6868408461449911,hakd,0.7043742086589787,0.6868408461449911,kd,0.6926200902698074,0.6642168206892264,hakd,0.7043742086589787,0.6868408461449911,hakd,0.7043742086589787,0.6868408461449911,0.011096255814259945,0.0001335071359957514,0.015282680298400072,5.42889613405779e-05,0.011238418776319821,0.00013024209422217363
5,4.0,0.5816360418632818,0.6178676366424173,0.5820888983526838,0.5449515905947442,0.6910224771003589,hakd,hard,False,hard,hard,0.01792610130305149,0.014335851784633612,0.6301914675219981,0.6027413557090292,kd,True,0.6699693056466453,0.6765239782913817,0.6616267779554025,0.6388122162169348,0.6791278681842196,0.6730024762606664,0.657425483002678,0.6348889258886549,0.6756591329862819,0.6697587133078811,0.6832102484924669,0.672537619132164,0.6774555909666429,0.666728514447552,-0.008342527691242774,0.0091585625375743,0.017501090228817073,0.6791278681842196,0.6699693056466453,0.6616267779554025,0.6699693056466453,0.6730024762606664,0.6765239782913817,0.6388122162169348,0.6765239782913817,hakd,0.6791278681842196,0.6730024762606664,kd,0.6616267779554025,0.6388122162169348,hakd,0.6791278681842196,0.6730024762606664,hakd,0.6791278681842196,0.6730024762606664,hakd,0.6791278681842196,0.6730024762606664,hakd,0.6791278681842196,0.6730024762606664,hakd,0.6791278681842196,0.6730024762606664,hakd,0.6791278681842196,0.6730024762606664,hakd,0.6791278681842196,0.6730024762606664,hakd,0.6791278681842196,0.6730024762606664,-0.0025481376183444614,3.357495631690251e-05,-0.0012996619713559997,4.960195754835625e-05,-0.002219867046427834,3.748697337156569e-05
5,8.0,0.5777472787569656,0.5997349232935844,0.5525940499067733,0.5809128630705394,0.32506397810152254,hakd,hard,False,hakd,hard,0.017973953722938564,0.014604553425849294,0.5828645064764716,0.5720031743237888,hakd,True,0.6699693056466453,0.6765239782913817,0.6201702578746972,0.5953699069380939,0.6535495487648249,0.6436938219697831,0.6106483331739265,0.5852650095742193,0.6596341214862181,0.6484952395403513,0.6483331739265089,0.6429998995792688,0.6500134926490682,0.6421442266846802,-0.0497990477719481,-0.016419756881820402,0.0333792908901277,0.6535495487648249,0.6699693056466453,0.6201702578746972,0.6699693056466453,0.6436938219697831,0.6765239782913817,0.5953699069380939,0.6765239782913817,hakd,0.6535495487648249,0.6436938219697831,hakd,0.6535495487648249,0.6436938219697831,hakd,0.6535495487648249,0.6436938219697831,hakd,0.6535495487648249,0.6436938219697831,hakd,0.6535495487648249,0.6436938219697831,hakd,0.6535495487648249,0.6436938219697831,hakd,0.6535495487648249,0.6436938219697831,hakd,0.6535495487648249,0.6436938219697831,hakd,0.6535495487648249,0.6436938219697831,hakd,0.6535495487648249,0.6436938219697831,-0.01332276880550871,0.0013305189272375085,-0.005051735823263832,0.002002321926632862,-0.014216367993646783,0.0012661271002051336
6,0.5,0.6268805373212123,0.7000666650000417,0.6632858736579247,0.5172890733056708,31.303669169923868,kd,kd,True,kd,kd,0.018954943381128988,0.014526839877195816,0.719628516628409,0.6572409453626521,kd,True,0.6739897734829025,0.6873874127560825,0.7303353179482975,0.7064822163873369,0.7203040030469475,0.7110709978581179,0.7267190602739976,0.7030928052264332,0.7232953005729538,0.7071215675541481,0.7269232291040426,0.7167730380715603,0.7133963502668926,0.7084705240683459,0.05634554446539508,0.04631422956404507,-0.010031314901350008,0.7303353179482975,0.7303353179482975,0.7303353179482975,0.7303353179482975,0.7064822163873369,0.7064822163873369,0.7064822163873369,0.7064822163873369,kd,0.7303353179482975,0.7064822163873369,kd,0.7303353179482975,0.7064822163873369,kd,0.7303353179482975,0.7064822163873369,hakd,0.7203040030469475,0.7110709978581179,kd,0.7303353179482975,0.7064822163873369,kd,0.7303353179482975,0.7064822163873369,hakd,0.7203040030469475,0.7110709978581179,kd,0.7303353179482975,0.7064822163873369,kd,0.7303353179482975,0.7064822163873369,hakd,0.7203040030469475,0.7110709978581179,0.04621904440220419,0.00010254600352980517,0.041481696685410574,0.00022093397082655037,0.04796630071644332,7.02117258043472e-05
6,1.0,0.6235440942182288,0.6857710223911068,0.6412927955332891,0.5435684647302905,4.3525929589290735,kd,hard,False,kd,hakd,0.020428270065307393,0.014068504930700845,0.7024442474631543,0.6514638836031134,kd,True,0.6739897734829025,0.6873874127560825,0.7121664981508808,0.6835816850840235,0.7200216964074256,0.7031253994463674,0.7094798526853219,0.6807886542362688,0.7213849805751398,0.7087891793013684,0.7210965538521797,0.7076982218966973,0.7261109659370389,0.7232873072380718,0.03817672466797839,0.04603192292452318,0.007855198256544793,0.7121664981508808,0.6739897734829025,0.7121664981508808,0.7200216964074256,0.6835816850840235,0.6873874127560825,0.6835816850840235,0.7031253994463674,kd,0.7121664981508808,0.6835816850840235,kd,0.7121664981508808,0.6835816850840235,kd,0.7121664981508808,0.6835816850840235,hakd,0.7200216964074256,0.7031253994463674,kd,0.7121664981508808,0.6835816850840235,kd,0.7121664981508808,0.6835816850840235,hakd,0.7200216964074256,0.7031253994463674,kd,0.7121664981508808,0.6835816850840235,kd,0.7121664981508808,0.6835816850840235,kd,0.7121664981508808,0.6835816850840235,0.03755935437737298,3.811460757222045e-07,0.038217480676849346,1.6610522590894023e-09,0.037306160418087084,7.578821131888129e-07
6,2.0,0.6033063165772035,0.6540380657150239,0.6178449227441107,0.5380359612724758,1.5505155007745814,kd,hard,False,hard,hakd,0.01968027042730742,0.014488421851510346,0.6772973227623836,0.6362689364233243,kd,True,0.6739897734829025,0.6873874127560825,0.7035602375617133,0.6768589229554159,0.7178058703840339,0.7051814213501727,0.6999439798874132,0.6719573576188645,0.7165688307281703,0.7030586830474963,0.7154231653413129,0.6989783141642132,0.7090989842369423,0.6983635158509786,0.02957046407881081,0.04381609690113142,0.014245632822320609,0.7035602375617133,0.6739897734829025,0.7035602375617133,0.7178058703840339,0.6768589229554159,0.6873874127560825,0.6768589229554159,0.7051814213501727,kd,0.7035602375617133,0.6768589229554159,kd,0.7035602375617133,0.6768589229554159,kd,0.7035602375617133,0.6768589229554159,hakd,0.7178058703840339,0.7051814213501727,kd,0.7035602375617133,0.6768589229554159,hakd,0.7178058703840339,0.7051814213501727,hakd,0.7178058703840339,0.7051814213501727,kd,0.7035602375617133,0.6768589229554159,kd,0.7035602375617133,0.6768589229554159,hakd,0.7178058703840339,0.7051814213501727,0.01833688387335207,0.00012619332423247442,0.01841780907613645,0.0001243817136086774,0.019525613650486225,0.0001008990201274126
6,4.0,0.5751257527904334,0.6219763672574853,0.5916443212659591,0.5117565698478561,0.6884773921257147,hakd,hard,False,hakd,hakd,0.02009753400921288,0.015202452994337272,0.6435925999936237,0.609063734345919,kd,True,0.6739897734829025,0.6873874127560825,0.6744877063179756,0.6459243015997062,0.6905055302781876,0.6855855562433727,0.6694532260525404,0.64429364536562,0.6890822550600281,0.6833945806986838,0.7056054840502086,0.6901243207696656,0.7031326145224172,0.6954668786789563,0.000497932835073156,0.016515756795285164,0.016017823960212008,0.6905055302781876,0.6739897734829025,0.6744877063179756,0.6905055302781876,0.6855855562433727,0.6873874127560825,0.6459243015997062,0.6855855562433727,hakd,0.6905055302781876,0.6855855562433727,kd,0.6744877063179756,0.6459243015997062,hakd,0.6905055302781876,0.6855855562433727,hakd,0.6905055302781876,0.6855855562433727,kd,0.6744877063179756,0.6459243015997062,hakd,0.6905055302781876,0.6855855562433727,hakd,0.6905055302781876,0.6855855562433727,hakd,0.6905055302781876,0.6855855562433727,hakd,0.6905055302781876,0.6855855562433727,hakd,0.6905055302781876,0.6855855562433727,-0.0010847243681944008,2.5048038230546846e-06,-0.00915270377355018,9.313478695170093e-05,-0.0001634770621512724,4.374630521464289e-07
6,8.0,0.556751191489748,0.5749688757781056,0.5392681011807651,0.5560165975103735,0.3238927928737457,hakd,hakd,True,hakd,hard,0.019142606983926173,0.01489082495246168,0.5978158703157166,0.5868560683120486,hakd,True,0.6739897734829025,0.6873874127560825,0.6431416352407499,0.6189408182274351,0.6858229548104425,0.681252328014248,0.6389542883851633,0.6147552502344722,0.6884658345630431,0.6823578573831259,0.6813846845338944,0.6693458119250799,0.6795362770080705,0.668799581865084,-0.0308481382421526,0.011833181327540077,0.04268131956969268,0.6858229548104425,0.6858229548104425,0.6431416352407499,0.6739897734829025,0.681252328014248,0.681252328014248,0.6189408182274351,0.6873874127560825,hakd,0.6858229548104425,0.681252328014248,hakd,0.6858229548104425,0.681252328014248,hakd,0.6858229548104425,0.681252328014248,hakd,0.6858229548104425,0.681252328014248,hakd,0.6858229548104425,0.681252328014248,hakd,0.6858229548104425,0.681252328014248,hakd,0.6858229548104425,0.681252328014248,hakd,0.6858229548104425,0.681252328014248,hakd,0.6858229548104425,0.681252328014248,hakd,0.6858229548104425,0.681252328014248,-0.02955985600039535,1.659671134427089e-06,-0.027129493815122488,1.3828316374682115e-05,-0.030252523313805714,3.5475714286966703e-07
7,0.5,0.6152600183957209,0.6871255718607033,0.6482810393430568,0.5103734439834025,31.410917366067462,kd,hard,False,hard,hakd,0.018724727954027336,0.014374723338308085,0.7183965295995701,0.6540221874128898,kd,False,0.6693629904037092,0.6806205536363,0.7248823236049625,0.7032893166859489,0.7254349102084131,0.7137304169838621,0.7156027826738445,0.6957013339658312,0.7250500565894228,0.713605682190679,0.727269369637099,0.7155871939396795,0.7271757181277442,0.720798230843059,0.05551933320125335,0.05607191980470394,0.0005525866034505889,0.7248823236049625,0.6693629904037092,0.7248823236049625,0.7254349102084131,0.7032893166859489,0.6806205536363,0.7032893166859489,0.7137304169838621,kd,0.7248823236049625,0.7032893166859489,kd,0.7248823236049625,0.7032893166859489,kd,0.7248823236049625,0.7032893166859489,hakd,0.7254349102084131,0.7137304169838621,kd,0.7248823236049625,0.7032893166859489,hakd,0.7254349102084131,0.7137304169838621,hakd,0.7254349102084131,0.7137304169838621,kd,0.7248823236049625,0.7032893166859489,kd,0.7248823236049625,0.7032893166859489,hakd,0.7254349102084131,0.7137304169838621,0.03741548388646691,0.0003277493600124934,0.028826265303381792,0.0007125198738003812,0.03434154724127994,0.00044849861816644693
7,1.0,0.5918468390760717,0.6448465455030291,0.6134048984195154,0.5172890733056708,4.3700538328001395,hakd,hard,False,hard,hakd,0.01913536462492936,0.014375734820585124,0.7060315414867647,0.6504904008733071,kd,False,0.6693629904037092,0.6806205536363,0.7246333216055456,0.7003256804929813,0.717937167522909,0.7090020903237094,0.7162322973028367,0.693615533850808,0.7198490531234629,0.7093201565486095,0.7189407188792334,0.7054500328130118,0.7142748668953017,0.7075114831176793,0.05527033120183644,0.04857417711919987,-0.006696154082636574,0.717937167522909,0.6693629904037092,0.7246333216055456,0.717937167522909,0.7090020903237094,0.6806205536363,0.7003256804929813,0.7090020903237094,hakd,0.717937167522909,0.7090020903237094,kd,0.7246333216055456,0.7003256804929813,kd,0.7246333216055456,0.7003256804929813,hakd,0.717937167522909,0.7090020903237094,kd,0.7246333216055456,0.7003256804929813,hakd,0.717937167522909,0.7090020903237094,hakd,0.717937167522909,0.7090020903237094,kd,0.7246333216055456,0.7003256804929813,hakd,0.717937167522909,0.7090020903237094,hakd,0.717937167522909,0.7090020903237094,0.010555860257642831,0.001999383911819135,0.0045609385285039295,0.002571442505298229,0.009252149454268666,0.00211767305135218
7,2.0,0.5781897829441751,0.6199054190311909,0.5849267237155805,0.5297372060857538,1.5564007857753206,hakd,hard,False,hakd,hakd,0.01953150428410832,0.014684643807461765,0.6775761423776211,0.6319655140691347,kd,False,0.6693629904037092,0.6806205536363,0.6966727952897561,0.6755588328411983,0.7061537296642437,0.692998174451885,0.6970789268732579,0.6730109308642301,0.7094501773970232,0.6957912977893593,0.7127729557213387,0.6977854002052931,0.6997010268076734,0.6897621242351951,0.02730980488604695,0.036790739260534555,0.009480934374487604,0.7061537296642437,0.6693629904037092,0.6966727952897561,0.7061537296642437,0.692998174451885,0.6806205536363,0.6755588328411983,0.692998174451885,hakd,0.7061537296642437,0.692998174451885,kd,0.6966727952897561,0.6755588328411983,hakd,0.7061537296642437,0.692998174451885,hakd,0.7061537296642437,0.692998174451885,kd,0.6966727952897561,0.6755588328411983,hakd,0.7061537296642437,0.692998174451885,hakd,0.7061537296642437,0.692998174451885,hakd,0.7061537296642437,0.692998174451885,hakd,0.7061537296642437,0.692998174451885,hakd,0.7061537296642437,0.692998174451885,-0.005289094738367333,0.0010626882567226377,-0.00959318062374654,0.0013618303395360285,-0.0071802746207027925,0.0011895655843819188
7,4.0,0.5736754511942153,0.6026263510078915,0.5637665309288346,0.5546334716459198,0.6910224771003589,hakd,hakd,True,hakd,hakd,0.017804361426965065,0.014448818006088904,0.6382367441839282,0.6083582047757577,kd,False,0.6693629904037092,0.6806205536363,0.6756120937403217,0.6478976095189796,0.6922594323295258,0.6830147167165181,0.6653905581060647,0.6387464287192858,0.7041168093357745,0.6939937347002867,0.6975080443515331,0.6852009589033973,0.7005179867828971,0.6918118550658673,0.006249103336612549,0.022896441925816635,0.016647338589204086,0.6922594323295258,0.6922594323295258,0.6756120937403217,0.6922594323295258,0.6830147167165181,0.6830147167165181,0.6478976095189796,0.6830147167165181,hakd,0.6922594323295258,0.6830147167165181,kd,0.6756120937403217,0.6478976095189796,hakd,0.6922594323295258,0.6830147167165181,hakd,0.6922594323295258,0.6830147167165181,hakd,0.6922594323295258,0.6830147167165181,hakd,0.6922594323295258,0.6830147167165181,hakd,0.6922594323295258,0.6830147167165181,hakd,0.6922594323295258,0.6830147167165181,hakd,0.6922594323295258,0.6830147167165181,hakd,0.6922594323295258,0.6830147167165181,-0.016266387825402396,0.0005069473422667731,-0.014271816258294937,0.00042110814102065805,-0.01630460749757024,0.0005086698723919342
7,8.0,0.5422495615271572,0.5553896985908685,0.5250242695314052,0.5463347164591978,0.32506397810152254,hakd,hakd,True,hakd,hard,0.018489855725051643,0.01458357624184223,0.5956043852817401,0.584102828372009,hakd,False,0.6693629904037092,0.6806205536363,0.6479574292689148,0.6233551887183436,0.6935402376983477,0.6858474717165407,0.6401325467745168,0.6177205739145807,0.6774831313421145,0.66955211249899,0.6930380350376201,0.6793772335621151,0.6854729714342972,0.6759597658520393,-0.021405561134794415,0.02417724729463855,0.045582808429432964,0.6935402376983477,0.6935402376983477,0.6479574292689148,0.6693629904037092,0.6858474717165407,0.6858474717165407,0.6233551887183436,0.6806205536363,hakd,0.6935402376983477,0.6858474717165407,hakd,0.6935402376983477,0.6858474717165407,hakd,0.6935402376983477,0.6858474717165407,hakd,0.6935402376983477,0.6858474717165407,hakd,0.6935402376983477,0.6858474717165407,hakd,0.6935402376983477,0.6858474717165407,hakd,0.6935402376983477,0.6858474717165407,hakd,0.6935402376983477,0.6858474717165407,hakd,0.6935402376983477,0.6858474717165407,hakd,0.6935402376983477,0.6858474717165407,-0.046275562934434314,0.0006185169895140918,-0.04684148445890771,0.0006469861953501708,-0.04702371479268775,0.0006562897968394336
8,0.5,0.6204695697809732,0.6782627100989141,0.6340450310559006,0.5491009681881052,31.197477055189378,kd,hard,False,kd,kd,0.018916839418761967,0.013927887407562994,0.7246091259268367,0.666980787300413,kd,False,0.6720132000236833,0.6801445655627417,0.7233598461040973,0.6933385317175854,0.7335067309531617,0.7117390354133754,0.7258939164662696,0.6953164082781346,0.7191041108742781,0.7066042510121457,0.7305579893561785,0.7079274629851137,0.729954449499918,0.7188443753994758,0.05134664608041406,0.0614935309294784,0.010146884849064342,0.7233598461040973,0.6720132000236833,0.7233598461040973,0.7233598461040973,0.6933385317175854,0.6801445655627417,0.6933385317175854,0.6933385317175854,kd,0.7233598461040973,0.6933385317175854,kd,0.7233598461040973,0.6933385317175854,kd,0.7233598461040973,0.6933385317175854,hakd,0.7335067309531617,0.7117390354133754,kd,0.7233598461040973,0.6933385317175854,kd,0.7233598461040973,0.6933385317175854,hakd,0.7335067309531617,0.7117390354133754,kd,0.7233598461040973,0.6933385317175854,kd,0.7233598461040973,0.6933385317175854,kd,0.7233598461040973,0.6933385317175854,0.032278262813228646,0.0003636032404242767,0.03491386422179848,0.0002700363196128454,0.0311224326395291,0.00040901880930247197
8,1.0,0.6102501774541242,0.6630002583268751,0.6227986834407533,0.5449515905947442,4.335323103977717,kd,hard,False,hard,hakd,0.019120963743565977,0.014670657878560905,0.6971979126814961,0.6433732812602116,kd,True,0.6720132000236833,0.6801445655627417,0.7095131573254267,0.6842769110206262,0.723663928854457,0.7133358871686046,0.7093818601865515,0.6802141557746685,0.7245110622643057,0.7107166306857572,0.7136410112768942,0.7016876126237829,0.7226619431008726,0.71485375312378,0.03749995730174349,0.05165072883077371,0.014150771529030215,0.7095131573254267,0.6720132000236833,0.7095131573254267,0.723663928854457,0.6842769110206262,0.6801445655627417,0.6842769110206262,0.7133358871686046,kd,0.7095131573254267,0.6842769110206262,kd,0.7095131573254267,0.6842769110206262,kd,0.7095131573254267,0.6842769110206262,hakd,0.723663928854457,0.7133358871686046,kd,0.7095131573254267,0.6842769110206262,kd,0.7095131573254267,0.6842769110206262,hakd,0.723663928854457,0.7133358871686046,kd,0.7095131573254267,0.6842769110206262,kd,0.7095131573254267,0.6842769110206262,hakd,0.723663928854457,0.7133358871686046,0.02314519139000381,0.00020605930438084358,0.025053584990144935,0.0001549121837189272,0.023022874286089692,0.00020958593264213172
8,2.0,0.6054999698596459,0.6499882502937426,0.604962558317007,0.5615491009681881,1.5446930542605297,kd,hard,False,hard,hakd,0.019719917214864272,0.014437006516427906,0.6714167765435136,0.6340146953342175,kd,True,0.6720132000236833,0.6801445655627417,0.7023971370534333,0.6690114533351655,0.7103797896057641,0.6977043621658225,0.6844018145051102,0.6546970949704541,0.7073593861015467,0.6930304237001365,0.7056863972463608,0.6919239885706864,0.7144684323249714,0.70656441605046,0.030383937029750063,0.038366589582080834,0.007982652552330771,0.7023971370534333,0.6720132000236833,0.7023971370534333,0.7103797896057641,0.6690114533351655,0.6801445655627417,0.6690114533351655,0.6977043621658225,kd,0.7023971370534333,0.6690114533351655,kd,0.7023971370534333,0.6690114533351655,kd,0.7023971370534333,0.6690114533351655,hakd,0.7103797896057641,0.6977043621658225,kd,0.7023971370534333,0.6690114533351655,kd,0.7023971370534333,0.6690114533351655,hakd,0.7103797896057641,0.6977043621658225,kd,0.7023971370534333,0.6690114533351655,kd,0.7023971370534333,0.6690114533351655,hakd,0.7103797896057641,0.6977043621658225,0.015358788490838542,0.00022575508861635504,0.020470301386596335,9.828017166520805e-05,0.012980840031853604,0.00030286778511819275
8,4.0,0.5840909893597293,0.6185932018366208,0.5776631687321935,0.5560165975103735,0.6859590945631923,hakd,hard,False,hard,hard,0.020002240634865068,0.014608906715012462,0.637725646053087,0.6100886596094197,kd,True,0.6720132000236833,0.6801445655627417,0.6722308899683008,0.6480720790550141,0.6941078398553496,0.6866289142567251,0.6731531723096683,0.6520214987573253,0.6848736302399301,0.6786156512359178,0.6997610178581187,0.687403109794702,0.6890958473383616,0.6851792755536468,0.00021768994461757174,0.022094639831666374,0.021876949887048802,0.6941078398553496,0.6720132000236833,0.6722308899683008,0.6720132000236833,0.6866289142567251,0.6801445655627417,0.6480720790550141,0.6801445655627417,hakd,0.6941078398553496,0.6866289142567251,kd,0.6722308899683008,0.6480720790550141,hakd,0.6941078398553496,0.6866289142567251,hakd,0.6941078398553496,0.6866289142567251,hakd,0.6941078398553496,0.6866289142567251,hakd,0.6941078398553496,0.6866289142567251,hakd,0.6941078398553496,0.6866289142567251,hakd,0.6941078398553496,0.6866289142567251,hakd,0.6941078398553496,0.6866289142567251,hakd,0.6941078398553496,0.6866289142567251,-0.003428050227944306,1.329142140583151e-05,-0.0001863598944852867,1.632562724790458e-07,-0.005155965783247517,2.887617588161728e-05
8,8.0,0.5665607590089156,0.5907681474629801,0.5598131613756614,0.5491009681881052,0.32273386278058364,hakd,hakd,True,hakd,hard,0.020084027591058203,0.014923241871543348,0.5915579426727514,0.5820941747390082,hakd,True,0.6720132000236833,0.6801445655627417,0.6440074135559564,0.6246694952166257,0.6683723908518701,0.6629915930886804,0.6394739261673134,0.6195550596600253,0.6658135555009017,0.6624417910611974,0.6719216834271556,0.6656780134480181,0.6750528177433459,0.6728845121162218,-0.02800578646772689,-0.0036408091718131974,0.024364977295913692,0.6683723908518701,0.6683723908518701,0.6440074135559564,0.6720132000236833,0.6629915930886804,0.6629915930886804,0.6246694952166257,0.6801445655627417,hakd,0.6683723908518701,0.6629915930886804,hakd,0.6683723908518701,0.6629915930886804,hakd,0.6683723908518701,0.6629915930886804,hakd,0.6683723908518701,0.6629915930886804,hakd,0.6683723908518701,0.6629915930886804,hakd,0.6683723908518701,0.6629915930886804,hakd,0.6683723908518701,0.6629915930886804,hakd,0.6683723908518701,0.6629915930886804,hakd,0.6683723908518701,0.6629915930886804,hakd,0.6683723908518701,0.6629915930886804,-0.02007859974287486,6.284028937067022e-05,-0.01710057169160959,0.00011892370931324707,-0.019020908023787635,8.072804065236429e-05
9,0.5,0.6270106643147706,0.6951043723906901,0.6492747851455997,0.5366528354080221,31.303669169923868,kd,kd,True,kd,kd,0.020075571212277616,0.014229047339469187,0.7038900104297608,0.6488517006689319,kd,True,0.676624113584194,0.6827874180844056,0.7174607973073911,0.6896110372527543,0.7183432991064108,0.7046096732842946,0.7176857459556212,0.6886056557264024,0.7178372536025943,0.7031328852471029,0.7168514931864968,0.7004796516191781,0.7162378480761874,0.7054776128750104,0.04083668372319704,0.04171918552221676,0.0008825017990197193,0.7174607973073911,0.7174607973073911,0.7174607973073911,0.7174607973073911,0.6896110372527543,0.6896110372527543,0.6896110372527543,0.6896110372527543,kd,0.7174607973073911,0.6896110372527543,kd,0.7174607973073911,0.6896110372527543,kd,0.7174607973073911,0.6896110372527543,hakd,0.7183432991064108,0.7046096732842946,kd,0.7174607973073911,0.6896110372527543,kd,0.7174607973073911,0.6896110372527543,hakd,0.7183432991064108,0.7046096732842946,kd,0.7174607973073911,0.6896110372527543,kd,0.7174607973073911,0.6896110372527543,kd,0.7174607973073911,0.6896110372527543,0.04424376137656259,1.1608178136062907e-05,0.0428570658756892,4.081944042108849e-06,0.043425301697972304,6.700943019329579e-06
9,1.0,0.6180458236114428,0.6810546403006591,0.6364299951256472,0.5366528354080221,4.3525929589290735,kd,hard,False,hard,kd,0.021041996964765164,0.014647188346119874,0.6775311668807272,0.6362307544535876,kd,True,0.676624113584194,0.6827874180844056,0.706021934379042,0.6746373389966434,0.7025448018573172,0.6862425702569984,0.6952382050336121,0.6632580861799041,0.7105660251680604,0.6952483657085159,0.7072258117223225,0.6895960413225143,0.710741088019894,0.7030994703918001,0.029397820794847984,0.025920688273123105,-0.0034771325217248794,0.706021934379042,0.676624113584194,0.706021934379042,0.706021934379042,0.6746373389966434,0.6827874180844056,0.6746373389966434,0.6746373389966434,kd,0.706021934379042,0.6746373389966434,kd,0.706021934379042,0.6746373389966434,kd,0.706021934379042,0.6746373389966434,hakd,0.7025448018573172,0.6862425702569984,kd,0.706021934379042,0.6746373389966434,kd,0.706021934379042,0.6746373389966434,hakd,0.7025448018573172,0.6862425702569984,kd,0.706021934379042,0.6746373389966434,kd,0.706021934379042,0.6746373389966434,hakd,0.7025448018573172,0.6862425702569984,0.03580851663356047,4.1097021136485536e-05,0.03420210365999154,2.3081133848311955e-05,0.03488093189724299,3.00645073612074e-05
9,2.0,0.6088190784174817,0.6563593410164746,0.6071656674033288,0.5629322268326418,1.5505155007745814,kd,hard,False,hard,hakd,0.01983011378860213,0.014596327694484778,0.6590870144923575,0.6251087136878261,kd,True,0.676624113584194,0.6827874180844056,0.6875631222559254,0.6556154408377645,0.6966755706764315,0.6824962154657275,0.6832108178025541,0.6488426187942574,0.6992410242571642,0.6846692485832633,0.7031158910386038,0.6855257626487007,0.6915249511531946,0.6800699821072026,0.010939008671731365,0.020051457092237435,0.00911244842050607,0.6875631222559254,0.676624113584194,0.6875631222559254,0.6966755706764315,0.6556154408377645,0.6827874180844056,0.6556154408377645,0.6824962154657275,kd,0.6875631222559254,0.6556154408377645,kd,0.6875631222559254,0.6556154408377645,kd,0.6875631222559254,0.6556154408377645,hakd,0.6966755706764315,0.6824962154657275,kd,0.6875631222559254,0.6556154408377645,kd,0.6875631222559254,0.6556154408377645,hakd,0.6966755706764315,0.6824962154657275,kd,0.6875631222559254,0.6556154408377645,kd,0.6875631222559254,0.6556154408377645,hakd,0.6966755706764315,0.6824962154657275,0.020981835802287685,0.00010085837677423809,0.02529428993855426,0.00020607410024959632,0.01937174244127495,7.111099882800078e-05
9,4.0,0.568576359965127,0.5971346549669592,0.5622597084692241,0.5463347164591978,0.6884773921257147,hakd,hakd,True,hakd,hakd,0.01849375293223086,0.014608745972134046,0.6277139011859868,0.6057665659084488,kd,False,0.676624113584194,0.6827874180844056,0.6609097319004937,0.6363704445031704,0.6921645710362355,0.6837396911720264,0.6540430694467217,0.6287078047122577,0.6733763418638757,0.6691198770536183,0.6810997448352188,0.6689037622047357,0.6847283850039169,0.674390890887172,-0.015714381683700318,0.015540457452041467,0.031254839135741785,0.6921645710362355,0.6921645710362355,0.6609097319004937,0.6921645710362355,0.6837396911720264,0.6837396911720264,0.6363704445031704,0.6837396911720264,hakd,0.6921645710362355,0.6837396911720264,hakd,0.6921645710362355,0.6837396911720264,hakd,0.6921645710362355,0.6837396911720264,hakd,0.6921645710362355,0.6837396911720264,hakd,0.6921645710362355,0.6837396911720264,hakd,0.6921645710362355,0.6837396911720264,hakd,0.6921645710362355,0.6837396911720264,hakd,0.6921645710362355,0.6837396911720264,hakd,0.6921645710362355,0.6837396911720264,hakd,0.6921645710362355,0.6837396911720264,-0.014575761912304998,1.2964549838123299e-06,-0.013557399588154028,4.652571760507263e-06,-0.014717697979259127,9.933784066986155e-07
9,8.0,0.5423665556393569,0.5476234760797647,0.5096283346833957,0.5698478561549101,0.3238927928737457,hakd,hakd,True,hakd,hard,0.018234129023476063,0.014748809944190654,0.5662232168069447,0.5658416162173382,hakd,True,0.676624113584194,0.6827874180844056,0.6087643437676485,0.583780435556991,0.6584071870844036,0.6538771458197661,0.6074448253128928,0.5814750025282228,0.6529564699814178,0.6487072752557901,0.6487830712229691,0.6433716336072531,0.6494563515649197,0.6438739416221034,-0.06785976981654551,-0.018216926499790453,0.04964284331675506,0.6584071870844036,0.6584071870844036,0.6087643437676485,0.676624113584194,0.6538771458197661,0.6538771458197661,0.583780435556991,0.6827874180844056,hakd,0.6584071870844036,0.6538771458197661,hakd,0.6584071870844036,0.6538771458197661,hakd,0.6584071870844036,0.6538771458197661,hakd,0.6584071870844036,0.6538771458197661,hakd,0.6584071870844036,0.6538771458197661,hakd,0.6584071870844036,0.6538771458197661,hakd,0.6584071870844036,0.6538771458197661,hakd,0.6584071870844036,0.6538771458197661,hakd,0.6584071870844036,0.6538771458197661,hakd,0.6584071870844036,0.6538771458197661,-0.04430151815817537,0.0005549912211990997,-0.038861236390983475,0.0008409149408334387,-0.04571333195021875,0.000490464710167072
