split,speaker_id,accent,label,filename,bytes
aux,p300,american,3,audio/p300/p300_001_mic1.flac,95141
aux,p300,american,3,audio/p300/p300_002_mic1.flac,192830
aux,p300,american,3,audio/p300/p300_003_mic1.flac,445417
aux,p300,american,3,audio/p300/p300_004_mic1.flac,292321
aux,p300,american,3,audio/p300/p300_005_mic1.flac,357084
aux,p300,american,3,audio/p300/p300_006_mic1.flac,302228
aux,p300,american,3,audio/p300/p300_007_mic1.flac,229146
aux,p300,american,3,audio/p300/p300_008_mic1.flac,411018
aux,p300,american,3,audio/p300/p300_009_mic1.flac,267088
aux,p300,american,3,audio/p300/p300_010_mic1.flac,158049
aux,p300,american,3,audio/p300/p300_011_mic1.flac,392047
aux,p300,american,3,audio/p300/p300_012_mic1.flac,241098
aux,p300,american,3,audio/p300/p300_013_mic1.flac,257329
aux,p300,american,3,audio/p300/p300_014_mic1.flac,271104
aux,p300,american,3,audio/p300/p300_015_mic1.flac,333464
aux,p300,american,3,audio/p300/p300_016_mic1.flac,380218
aux,p300,american,3,audio/p300/p300_017_mic1.flac,174709
aux,p300,american,3,audio/p300/p300_018_mic1.flac,295269
aux,p300,american,3,audio/p300/p300_019_mic1.flac,414027
aux,p300,american,3,audio/p300/p300_020_mic1.flac,208039
aux,p300,american,3,audio/p300/p300_021_mic1.flac,502543
aux,p300,american,3,audio/p300/p300_022_mic1.flac,391207
aux,p300,american,3,audio/p300/p300_023_mic1.flac,634983
aux,p300,american,3,audio/p300/p300_024_mic1.flac,382557
aux,p300,american,3,audio/p300/p300_025_mic1.flac,215090
aux,p300,american,3,audio/p300/p300_026_mic1.flac,170908
aux,p300,american,3,audio/p300/p300_027_mic1.flac,145158
aux,p300,american,3,audio/p300/p300_028_mic1.flac,220405
aux,p300,american,3,audio/p300/p300_029_mic1.flac,158095
aux,p300,american,3,audio/p300/p300_030_mic1.flac,200837
aux,p228,english,0,audio/p228/p228_001_mic1.flac,112834
aux,p228,english,0,audio/p228/p228_002_mic1.flac,205094
aux,p228,english,0,audio/p228/p228_003_mic1.flac,434857
aux,p228,english,0,audio/p228/p228_004_mic1.flac,292190
aux,p228,english,0,audio/p228/p228_005_mic1.flac,356199
aux,p228,english,0,audio/p228/p228_006_mic1.flac,304372
aux,p228,english,0,audio/p228/p228_007_mic1.flac,246606
aux,p228,english,0,audio/p228/p228_008_mic1.flac,439805
aux,p228,english,0,audio/p228/p228_009_mic1.flac,306299
aux,p228,english,0,audio/p228/p228_010_mic1.flac,189613
aux,p228,english,0,audio/p228/p228_011_mic1.flac,395394
aux,p228,english,0,audio/p228/p228_012_mic1.flac,251545
aux,p228,english,0,audio/p228/p228_013_mic1.flac,240509
aux,p228,english,0,audio/p228/p228_014_mic1.flac,270117
aux,p228,english,0,audio/p228/p228_015_mic1.flac,346760
aux,p228,english,0,audio/p228/p228_016_mic1.flac,381169
aux,p228,english,0,audio/p228/p228_018_mic1.flac,289380
aux,p228,english,0,audio/p228/p228_019_mic1.flac,389695
aux,p228,english,0,audio/p228/p228_020_mic1.flac,204396
aux,p228,english,0,audio/p228/p228_021_mic1.flac,488138
aux,p228,english,0,audio/p228/p228_022_mic1.flac,409216
aux,p228,english,0,audio/p228/p228_023_mic1.flac,572902
aux,p228,english,0,audio/p228/p228_024_mic1.flac,328836
aux,p228,english,0,audio/p228/p228_025_mic1.flac,86077
aux,p228,english,0,audio/p228/p228_026_mic1.flac,220209
aux,p228,english,0,audio/p228/p228_027_mic1.flac,88607
aux,p228,english,0,audio/p228/p228_028_mic1.flac,145701
aux,p228,english,0,audio/p228/p228_029_mic1.flac,137609
aux,p228,english,0,audio/p228/p228_030_mic1.flac,114845
aux,p228,english,0,audio/p228/p228_031_mic1.flac,135511
aux,p288,irish,2,audio/p288/p288_001_mic1.flac,99197
aux,p288,irish,2,audio/p288/p288_002_mic1.flac,158444
aux,p288,irish,2,audio/p288/p288_003_mic1.flac,349440
aux,p288,irish,2,audio/p288/p288_004_mic1.flac,246438
aux,p288,irish,2,audio/p288/p288_005_mic1.flac,321316
aux,p288,irish,2,audio/p288/p288_006_mic1.flac,256769
aux,p288,irish,2,audio/p288/p288_007_mic1.flac,221972
aux,p288,irish,2,audio/p288/p288_008_mic1.flac,388241
aux,p288,irish,2,audio/p288/p288_009_mic1.flac,235203
aux,p288,irish,2,audio/p288/p288_010_mic1.flac,128201
aux,p288,irish,2,audio/p288/p288_011_mic1.flac,315334
aux,p288,irish,2,audio/p288/p288_012_mic1.flac,219363
aux,p288,irish,2,audio/p288/p288_013_mic1.flac,227539
aux,p288,irish,2,audio/p288/p288_014_mic1.flac,225031
aux,p288,irish,2,audio/p288/p288_015_mic1.flac,270719
aux,p288,irish,2,audio/p288/p288_016_mic1.flac,321000
aux,p288,irish,2,audio/p288/p288_017_mic1.flac,158458
aux,p288,irish,2,audio/p288/p288_018_mic1.flac,262612
aux,p288,irish,2,audio/p288/p288_019_mic1.flac,374735
aux,p288,irish,2,audio/p288/p288_020_mic1.flac,171266
aux,p288,irish,2,audio/p288/p288_021_mic1.flac,422507
aux,p288,irish,2,audio/p288/p288_022_mic1.flac,340771
aux,p288,irish,2,audio/p288/p288_023_mic1.flac,536806
aux,p288,irish,2,audio/p288/p288_024_mic1.flac,324877
aux,p288,irish,2,audio/p288/p288_025_mic1.flac,197958
aux,p288,irish,2,audio/p288/p288_026_mic1.flac,114338
aux,p288,irish,2,audio/p288/p288_027_mic1.flac,91196
aux,p288,irish,2,audio/p288/p288_028_mic1.flac,167228
aux,p288,irish,2,audio/p288/p288_029_mic1.flac,97638
aux,p288,irish,2,audio/p288/p288_030_mic1.flac,87723
aux,p246,scottish,1,audio/p246/p246_001_mic1.flac,112163
aux,p246,scottish,1,audio/p246/p246_002_mic1.flac,183792
aux,p246,scottish,1,audio/p246/p246_003_mic1.flac,411066
aux,p246,scottish,1,audio/p246/p246_004_mic1.flac,265634
aux,p246,scottish,1,audio/p246/p246_005_mic1.flac,330965
aux,p246,scottish,1,audio/p246/p246_006_mic1.flac,290686
aux,p246,scottish,1,audio/p246/p246_007_mic1.flac,241329
aux,p246,scottish,1,audio/p246/p246_008_mic1.flac,376420
aux,p246,scottish,1,audio/p246/p246_009_mic1.flac,240300
aux,p246,scottish,1,audio/p246/p246_010_mic1.flac,139529
aux,p246,scottish,1,audio/p246/p246_011_mic1.flac,353624
aux,p246,scottish,1,audio/p246/p246_012_mic1.flac,239766
aux,p246,scottish,1,audio/p246/p246_013_mic1.flac,218171
aux,p246,scottish,1,audio/p246/p246_014_mic1.flac,245008
aux,p246,scottish,1,audio/p246/p246_015_mic1.flac,304529
aux,p246,scottish,1,audio/p246/p246_016_mic1.flac,340967
aux,p246,scottish,1,audio/p246/p246_017_mic1.flac,187337
aux,p246,scottish,1,audio/p246/p246_018_mic1.flac,322924
aux,p246,scottish,1,audio/p246/p246_019_mic1.flac,384421
aux,p246,scottish,1,audio/p246/p246_020_mic1.flac,195008
aux,p246,scottish,1,audio/p246/p246_021_mic1.flac,452214
aux,p246,scottish,1,audio/p246/p246_022_mic1.flac,338636
aux,p246,scottish,1,audio/p246/p246_023_mic1.flac,550612
aux,p246,scottish,1,audio/p246/p246_024_mic1.flac,338054
aux,p246,scottish,1,audio/p246/p246_025_mic1.flac,94417
aux,p246,scottish,1,audio/p246/p246_026_mic1.flac,153298
aux,p246,scottish,1,audio/p246/p246_027_mic1.flac,92705
aux,p246,scottish,1,audio/p246/p246_028_mic1.flac,192303
aux,p246,scottish,1,audio/p246/p246_029_mic1.flac,231159
aux,p246,scottish,1,audio/p246/p246_030_mic1.flac,121545
dev,p301,american,3,audio/p301/p301_001_mic1.flac,108713
dev,p301,american,3,audio/p301/p301_002_mic1.flac,233039
dev,p301,american,3,audio/p301/p301_003_mic1.flac,422133
dev,p301,american,3,audio/p301/p301_004_mic1.flac,270991
dev,p301,american,3,audio/p301/p301_005_mic1.flac,336956
dev,p301,american,3,audio/p301/p301_006_mic1.flac,283750
dev,p301,american,3,audio/p301/p301_007_mic1.flac,233440
dev,p301,american,3,audio/p301/p301_008_mic1.flac,380922
dev,p301,american,3,audio/p301/p301_009_mic1.flac,248204
dev,p301,american,3,audio/p301/p301_010_mic1.flac,161097
dev,p301,american,3,audio/p301/p301_011_mic1.flac,352108
dev,p301,american,3,audio/p301/p301_012_mic1.flac,259203
dev,p301,american,3,audio/p301/p301_013_mic1.flac,234846
dev,p301,american,3,audio/p301/p301_014_mic1.flac,249215
dev,p301,american,3,audio/p301/p301_015_mic1.flac,295684
dev,p301,american,3,audio/p301/p301_016_mic1.flac,346635
dev,p301,american,3,audio/p301/p301_017_mic1.flac,196744
dev,p301,american,3,audio/p301/p301_018_mic1.flac,291137
dev,p301,american,3,audio/p301/p301_019_mic1.flac,402770
dev,p301,american,3,audio/p301/p301_020_mic1.flac,220379
dev,p301,american,3,audio/p301/p301_021_mic1.flac,478362
dev,p301,american,3,audio/p301/p301_022_mic1.flac,333189
dev,p301,american,3,audio/p301/p301_023_mic1.flac,535831
dev,p301,american,3,audio/p301/p301_024_mic1.flac,358052
dev,p301,american,3,audio/p301/p301_025_mic1.flac,156808
dev,p301,american,3,audio/p301/p301_026_mic1.flac,142673
dev,p301,american,3,audio/p301/p301_027_mic1.flac,174519
dev,p301,american,3,audio/p301/p301_028_mic1.flac,157514
dev,p301,american,3,audio/p301/p301_029_mic1.flac,141070
dev,p301,american,3,audio/p301/p301_030_mic1.flac,170741
dev,p229,english,0,audio/p229/p229_001_mic1.flac,93588
dev,p229,english,0,audio/p229/p229_002_mic1.flac,181436
dev,p229,english,0,audio/p229/p229_003_mic1.flac,333091
dev,p229,english,0,audio/p229/p229_004_mic1.flac,219970
dev,p229,english,0,audio/p229/p229_005_mic1.flac,278195
dev,p229,english,0,audio/p229/p229_006_mic1.flac,248528
dev,p229,english,0,audio/p229/p229_007_mic1.flac,182571
dev,p229,english,0,audio/p229/p229_008_mic1.flac,319183
dev,p229,english,0,audio/p229/p229_009_mic1.flac,190915
dev,p229,english,0,audio/p229/p229_010_mic1.flac,133172
dev,p229,english,0,audio/p229/p229_011_mic1.flac,302922
dev,p229,english,0,audio/p229/p229_012_mic1.flac,194547
dev,p229,english,0,audio/p229/p229_013_mic1.flac,212922
dev,p229,english,0,audio/p229/p229_014_mic1.flac,214904
dev,p229,english,0,audio/p229/p229_015_mic1.flac,249381
dev,p229,english,0,audio/p229/p229_016_mic1.flac,286971
dev,p229,english,0,audio/p229/p229_017_mic1.flac,163839
dev,p229,english,0,audio/p229/p229_018_mic1.flac,261430
dev,p229,english,0,audio/p229/p229_019_mic1.flac,379449
dev,p229,english,0,audio/p229/p229_020_mic1.flac,182228
dev,p229,english,0,audio/p229/p229_021_mic1.flac,437841
dev,p229,english,0,audio/p229/p229_022_mic1.flac,316005
dev,p229,english,0,audio/p229/p229_023_mic1.flac,530609
dev,p229,english,0,audio/p229/p229_024_mic1.flac,325789
dev,p229,english,0,audio/p229/p229_025_mic1.flac,82532
dev,p229,english,0,audio/p229/p229_026_mic1.flac,151802
dev,p229,english,0,audio/p229/p229_027_mic1.flac,80528
dev,p229,english,0,audio/p229/p229_028_mic1.flac,216714
dev,p229,english,0,audio/p229/p229_029_mic1.flac,70016
dev,p229,english,0,audio/p229/p229_030_mic1.flac,158430
dev,p295,irish,2,audio/p295/p295_002_mic1.flac,174896
dev,p295,irish,2,audio/p295/p295_003_mic1.flac,385556
dev,p295,irish,2,audio/p295/p295_004_mic1.flac,222185
dev,p295,irish,2,audio/p295/p295_005_mic1.flac,296616
dev,p295,irish,2,audio/p295/p295_006_mic1.flac,287185
dev,p295,irish,2,audio/p295/p295_007_mic1.flac,199044
dev,p295,irish,2,audio/p295/p295_008_mic1.flac,362512
dev,p295,irish,2,audio/p295/p295_009_mic1.flac,230959
dev,p295,irish,2,audio/p295/p295_010_mic1.flac,132646
dev,p295,irish,2,audio/p295/p295_011_mic1.flac,292623
dev,p295,irish,2,audio/p295/p295_012_mic1.flac,209570
dev,p295,irish,2,audio/p295/p295_013_mic1.flac,201569
dev,p295,irish,2,audio/p295/p295_014_mic1.flac,226448
dev,p295,irish,2,audio/p295/p295_015_mic1.flac,277261
dev,p295,irish,2,audio/p295/p295_016_mic1.flac,312457
dev,p295,irish,2,audio/p295/p295_017_mic1.flac,182020
dev,p295,irish,2,audio/p295/p295_018_mic1.flac,262403
dev,p295,irish,2,audio/p295/p295_019_mic1.flac,345918
dev,p295,irish,2,audio/p295/p295_020_mic1.flac,196791
dev,p295,irish,2,audio/p295/p295_021_mic1.flac,445033
dev,p295,irish,2,audio/p295/p295_022_mic1.flac,308868
dev,p295,irish,2,audio/p295/p295_025_mic1.flac,106685
dev,p295,irish,2,audio/p295/p295_026_mic1.flac,132053
dev,p295,irish,2,audio/p295/p295_027_mic1.flac,156202
dev,p295,irish,2,audio/p295/p295_028_mic1.flac,103187
dev,p295,irish,2,audio/p295/p295_029_mic1.flac,158011
dev,p295,irish,2,audio/p295/p295_030_mic1.flac,141070
dev,p295,irish,2,audio/p295/p295_031_mic1.flac,129595
dev,p295,irish,2,audio/p295/p295_032_mic1.flac,128812
dev,p295,irish,2,audio/p295/p295_033_mic1.flac,156970
dev,p247,scottish,1,audio/p247/p247_001_mic1.flac,101727
dev,p247,scottish,1,audio/p247/p247_002_mic1.flac,164094
dev,p247,scottish,1,audio/p247/p247_003_mic1.flac,369682
dev,p247,scottish,1,audio/p247/p247_004_mic1.flac,250892
dev,p247,scottish,1,audio/p247/p247_005_mic1.flac,313291
dev,p247,scottish,1,audio/p247/p247_006_mic1.flac,279203
dev,p247,scottish,1,audio/p247/p247_007_mic1.flac,219040
dev,p247,scottish,1,audio/p247/p247_008_mic1.flac,373388
dev,p247,scottish,1,audio/p247/p247_009_mic1.flac,235501
dev,p247,scottish,1,audio/p247/p247_010_mic1.flac,141340
dev,p247,scottish,1,audio/p247/p247_011_mic1.flac,332688
dev,p247,scottish,1,audio/p247/p247_012_mic1.flac,227397
dev,p247,scottish,1,audio/p247/p247_013_mic1.flac,218747
dev,p247,scottish,1,audio/p247/p247_014_mic1.flac,232442
dev,p247,scottish,1,audio/p247/p247_016_mic1.flac,311697
dev,p247,scottish,1,audio/p247/p247_017_mic1.flac,188836
dev,p247,scottish,1,audio/p247/p247_018_mic1.flac,268578
dev,p247,scottish,1,audio/p247/p247_019_mic1.flac,360797
dev,p247,scottish,1,audio/p247/p247_020_mic1.flac,199051
dev,p247,scottish,1,audio/p247/p247_021_mic1.flac,452020
dev,p247,scottish,1,audio/p247/p247_022_mic1.flac,380499
dev,p247,scottish,1,audio/p247/p247_023_mic1.flac,511670
dev,p247,scottish,1,audio/p247/p247_024_mic1.flac,327718
dev,p247,scottish,1,audio/p247/p247_025_mic1.flac,147497
dev,p247,scottish,1,audio/p247/p247_026_mic1.flac,127469
dev,p247,scottish,1,audio/p247/p247_027_mic1.flac,197475
dev,p247,scottish,1,audio/p247/p247_028_mic1.flac,102621
dev,p247,scottish,1,audio/p247/p247_029_mic1.flac,147639
dev,p247,scottish,1,audio/p247/p247_030_mic1.flac,163449
dev,p247,scottish,1,audio/p247/p247_031_mic1.flac,176315
priv,p294,american,3,audio/p294/p294_001_mic1.flac,104629
priv,p294,american,3,audio/p294/p294_002_mic1.flac,181860
priv,p294,american,3,audio/p294/p294_003_mic1.flac,365097
priv,p294,american,3,audio/p294/p294_004_mic1.flac,257666
priv,p294,american,3,audio/p294/p294_005_mic1.flac,331057
priv,p294,american,3,audio/p294/p294_006_mic1.flac,326128
priv,p294,american,3,audio/p294/p294_007_mic1.flac,237279
priv,p294,american,3,audio/p294/p294_008_mic1.flac,400218
priv,p294,american,3,audio/p294/p294_009_mic1.flac,229094
priv,p294,american,3,audio/p294/p294_010_mic1.flac,146992
priv,p294,american,3,audio/p294/p294_011_mic1.flac,345713
priv,p294,american,3,audio/p294/p294_012_mic1.flac,234588
priv,p294,american,3,audio/p294/p294_013_mic1.flac,247016
priv,p294,american,3,audio/p294/p294_014_mic1.flac,271285
priv,p294,american,3,audio/p294/p294_015_mic1.flac,309543
priv,p294,american,3,audio/p294/p294_016_mic1.flac,369736
priv,p294,american,3,audio/p294/p294_017_mic1.flac,209638
priv,p294,american,3,audio/p294/p294_018_mic1.flac,304414
priv,p294,american,3,audio/p294/p294_019_mic1.flac,395057
priv,p294,american,3,audio/p294/p294_020_mic1.flac,192079
priv,p294,american,3,audio/p294/p294_021_mic1.flac,511332
priv,p294,american,3,audio/p294/p294_022_mic1.flac,384812
priv,p294,american,3,audio/p294/p294_023_mic1.flac,643777
priv,p294,american,3,audio/p294/p294_024_mic1.flac,368155
priv,p294,american,3,audio/p294/p294_025_mic1.flac,144591
priv,p294,american,3,audio/p294/p294_026_mic1.flac,169745
priv,p294,american,3,audio/p294/p294_027_mic1.flac,156710
priv,p294,american,3,audio/p294/p294_028_mic1.flac,168196
priv,p294,american,3,audio/p294/p294_029_mic1.flac,124858
priv,p294,american,3,audio/p294/p294_030_mic1.flac,113669
priv,p297,american,3,audio/p297/p297_001_mic1.flac,109329
priv,p297,american,3,audio/p297/p297_002_mic1.flac,188709
priv,p297,american,3,audio/p297/p297_003_mic1.flac,400804
priv,p297,american,3,audio/p297/p297_004_mic1.flac,264028
priv,p297,american,3,audio/p297/p297_005_mic1.flac,352250
priv,p297,american,3,audio/p297/p297_006_mic1.flac,342453
priv,p297,american,3,audio/p297/p297_007_mic1.flac,250808
priv,p297,american,3,audio/p297/p297_008_mic1.flac,392297
priv,p297,american,3,audio/p297/p297_009_mic1.flac,254730
priv,p297,american,3,audio/p297/p297_010_mic1.flac,173691
priv,p297,american,3,audio/p297/p297_011_mic1.flac,345587
priv,p297,american,3,audio/p297/p297_012_mic1.flac,261487
priv,p297,american,3,audio/p297/p297_013_mic1.flac,249132
priv,p297,american,3,audio/p297/p297_014_mic1.flac,250086
priv,p297,american,3,audio/p297/p297_015_mic1.flac,269145
priv,p297,american,3,audio/p297/p297_016_mic1.flac,344391
priv,p297,american,3,audio/p297/p297_017_mic1.flac,182054
priv,p297,american,3,audio/p297/p297_018_mic1.flac,288176
priv,p297,american,3,audio/p297/p297_019_mic1.flac,382552
priv,p297,american,3,audio/p297/p297_020_mic1.flac,215301
priv,p297,american,3,audio/p297/p297_021_mic1.flac,499999
priv,p297,american,3,audio/p297/p297_023_mic1.flac,579293
priv,p297,american,3,audio/p297/p297_024_mic1.flac,329104
priv,p297,american,3,audio/p297/p297_025_mic1.flac,156660
priv,p297,american,3,audio/p297/p297_026_mic1.flac,183431
priv,p297,american,3,audio/p297/p297_027_mic1.flac,201244
priv,p297,american,3,audio/p297/p297_028_mic1.flac,172323
priv,p297,american,3,audio/p297/p297_029_mic1.flac,132181
priv,p297,american,3,audio/p297/p297_030_mic1.flac,137234
priv,p297,american,3,audio/p297/p297_031_mic1.flac,198497
priv,p299,american,3,audio/p299/p299_001_mic1.flac,100739
priv,p299,american,3,audio/p299/p299_002_mic1.flac,169993
priv,p299,american,3,audio/p299/p299_003_mic1.flac,356828
priv,p299,american,3,audio/p299/p299_004_mic1.flac,231698
priv,p299,american,3,audio/p299/p299_005_mic1.flac,295415
priv,p299,american,3,audio/p299/p299_006_mic1.flac,255683
priv,p299,american,3,audio/p299/p299_007_mic1.flac,209966
priv,p299,american,3,audio/p299/p299_008_mic1.flac,371764
priv,p299,american,3,audio/p299/p299_009_mic1.flac,222232
priv,p299,american,3,audio/p299/p299_010_mic1.flac,130772
priv,p299,american,3,audio/p299/p299_011_mic1.flac,335430
priv,p299,american,3,audio/p299/p299_012_mic1.flac,239151
priv,p299,american,3,audio/p299/p299_013_mic1.flac,210430
priv,p299,american,3,audio/p299/p299_014_mic1.flac,227541
priv,p299,american,3,audio/p299/p299_015_mic1.flac,288492
priv,p299,american,3,audio/p299/p299_016_mic1.flac,314182
priv,p299,american,3,audio/p299/p299_017_mic1.flac,173204
priv,p299,american,3,audio/p299/p299_018_mic1.flac,266344
priv,p299,american,3,audio/p299/p299_019_mic1.flac,347929
priv,p299,american,3,audio/p299/p299_020_mic1.flac,176716
priv,p299,american,3,audio/p299/p299_021_mic1.flac,419901
priv,p299,american,3,audio/p299/p299_022_mic1.flac,329241
priv,p299,american,3,audio/p299/p299_023_mic1.flac,492656
priv,p299,american,3,audio/p299/p299_024_mic1.flac,328345
priv,p299,american,3,audio/p299/p299_025_mic1.flac,134494
priv,p299,american,3,audio/p299/p299_026_mic1.flac,160018
priv,p299,american,3,audio/p299/p299_027_mic1.flac,132270
priv,p299,american,3,audio/p299/p299_028_mic1.flac,119749
priv,p299,american,3,audio/p299/p299_029_mic1.flac,162492
priv,p299,american,3,audio/p299/p299_030_mic1.flac,183606
priv,p225,english,0,audio/p225/p225_001_mic1.flac,105899
priv,p225,english,0,audio/p225/p225_002_mic1.flac,187792
priv,p225,english,0,audio/p225/p225_003_mic1.flac,387806
priv,p225,english,0,audio/p225/p225_004_mic1.flac,201860
priv,p225,english,0,audio/p225/p225_005_mic1.flac,301038
priv,p225,english,0,audio/p225/p225_006_mic1.flac,314302
priv,p225,english,0,audio/p225/p225_007_mic1.flac,238554
priv,p225,english,0,audio/p225/p225_008_mic1.flac,360119
priv,p225,english,0,audio/p225/p225_009_mic1.flac,231823
priv,p225,english,0,audio/p225/p225_010_mic1.flac,137064
priv,p225,english,0,audio/p225/p225_011_mic1.flac,337315
priv,p225,english,0,audio/p225/p225_012_mic1.flac,314437
priv,p225,english,0,audio/p225/p225_013_mic1.flac,232213
priv,p225,english,0,audio/p225/p225_014_mic1.flac,258261
priv,p225,english,0,audio/p225/p225_016_mic1.flac,327851
priv,p225,english,0,audio/p225/p225_017_mic1.flac,196077
priv,p225,english,0,audio/p225/p225_018_mic1.flac,266725
priv,p225,english,0,audio/p225/p225_019_mic1.flac,374887
priv,p225,english,0,audio/p225/p225_020_mic1.flac,272948
priv,p225,english,0,audio/p225/p225_021_mic1.flac,464348
priv,p225,english,0,audio/p225/p225_022_mic1.flac,322793
priv,p225,english,0,audio/p225/p225_023_mic1.flac,588084
priv,p225,english,0,audio/p225/p225_024_mic1.flac,320823
priv,p225,english,0,audio/p225/p225_025_mic1.flac,114860
priv,p225,english,0,audio/p225/p225_026_mic1.flac,84451
priv,p225,english,0,audio/p225/p225_027_mic1.flac,113511
priv,p225,english,0,audio/p225/p225_028_mic1.flac,88700
priv,p225,english,0,audio/p225/p225_029_mic1.flac,63944
priv,p225,english,0,audio/p225/p225_030_mic1.flac,181195
priv,p225,english,0,audio/p225/p225_033_mic1.flac,238490
priv,p226,english,0,audio/p226/p226_001_mic1.flac,134652
priv,p226,english,0,audio/p226/p226_002_mic1.flac,193971
priv,p226,english,0,audio/p226/p226_003_mic1.flac,392004
priv,p226,english,0,audio/p226/p226_004_mic1.flac,269752
priv,p226,english,0,audio/p226/p226_005_mic1.flac,348304
priv,p226,english,0,audio/p226/p226_006_mic1.flac,282537
priv,p226,english,0,audio/p226/p226_007_mic1.flac,225754
priv,p226,english,0,audio/p226/p226_008_mic1.flac,379546
priv,p226,english,0,audio/p226/p226_009_mic1.flac,214228
priv,p226,english,0,audio/p226/p226_010_mic1.flac,144469
priv,p226,english,0,audio/p226/p226_011_mic1.flac,375824
priv,p226,english,0,audio/p226/p226_012_mic1.flac,202051
priv,p226,english,0,audio/p226/p226_013_mic1.flac,262578
priv,p226,english,0,audio/p226/p226_014_mic1.flac,260201
priv,p226,english,0,audio/p226/p226_015_mic1.flac,299674
priv,p226,english,0,audio/p226/p226_016_mic1.flac,370709
priv,p226,english,0,audio/p226/p226_017_mic1.flac,181576
priv,p226,english,0,audio/p226/p226_018_mic1.flac,292162
priv,p226,english,0,audio/p226/p226_019_mic1.flac,362941
priv,p226,english,0,audio/p226/p226_020_mic1.flac,192123
priv,p226,english,0,audio/p226/p226_021_mic1.flac,475283
priv,p226,english,0,audio/p226/p226_022_mic1.flac,368886
priv,p226,english,0,audio/p226/p226_023_mic1.flac,569832
priv,p226,english,0,audio/p226/p226_024_mic1.flac,339895
priv,p226,english,0,audio/p226/p226_025_mic1.flac,119640
priv,p226,english,0,audio/p226/p226_026_mic1.flac,95700
priv,p226,english,0,audio/p226/p226_027_mic1.flac,195435
priv,p226,english,0,audio/p226/p226_028_mic1.flac,200368
priv,p226,english,0,audio/p226/p226_029_mic1.flac,225930
priv,p226,english,0,audio/p226/p226_030_mic1.flac,135097
priv,p227,english,0,audio/p227/p227_001_mic1.flac,134703
priv,p227,english,0,audio/p227/p227_002_mic1.flac,198274
priv,p227,english,0,audio/p227/p227_003_mic1.flac,393277
priv,p227,english,0,audio/p227/p227_004_mic1.flac,250319
priv,p227,english,0,audio/p227/p227_005_mic1.flac,372231
priv,p227,english,0,audio/p227/p227_006_mic1.flac,319251
priv,p227,english,0,audio/p227/p227_008_mic1.flac,353240
priv,p227,english,0,audio/p227/p227_009_mic1.flac,229018
priv,p227,english,0,audio/p227/p227_010_mic1.flac,179291
priv,p227,english,0,audio/p227/p227_011_mic1.flac,346846
priv,p227,english,0,audio/p227/p227_012_mic1.flac,225784
priv,p227,english,0,audio/p227/p227_013_mic1.flac,214386
priv,p227,english,0,audio/p227/p227_014_mic1.flac,246738
priv,p227,english,0,audio/p227/p227_015_mic1.flac,285820
priv,p227,english,0,audio/p227/p227_016_mic1.flac,335107
priv,p227,english,0,audio/p227/p227_017_mic1.flac,166471
priv,p227,english,0,audio/p227/p227_018_mic1.flac,301163
priv,p227,english,0,audio/p227/p227_019_mic1.flac,384054
priv,p227,english,0,audio/p227/p227_020_mic1.flac,191496
priv,p227,english,0,audio/p227/p227_021_mic1.flac,436803
priv,p227,english,0,audio/p227/p227_022_mic1.flac,310695
priv,p227,english,0,audio/p227/p227_023_mic1.flac,534969
priv,p227,english,0,audio/p227/p227_024_mic1.flac,314525
priv,p227,english,0,audio/p227/p227_025_mic1.flac,132791
priv,p227,english,0,audio/p227/p227_026_mic1.flac,105183
priv,p227,english,0,audio/p227/p227_027_mic1.flac,121073
priv,p227,english,0,audio/p227/p227_028_mic1.flac,83156
priv,p227,english,0,audio/p227/p227_029_mic1.flac,104506
priv,p227,english,0,audio/p227/p227_030_mic1.flac,142586
priv,p227,english,0,audio/p227/p227_031_mic1.flac,141137
priv,p245,irish,2,audio/p245/p245_001_mic1.flac,99506
priv,p245,irish,2,audio/p245/p245_002_mic1.flac,192466
priv,p245,irish,2,audio/p245/p245_003_mic1.flac,439544
priv,p245,irish,2,audio/p245/p245_004_mic1.flac,291517
priv,p245,irish,2,audio/p245/p245_005_mic1.flac,347536
priv,p245,irish,2,audio/p245/p245_006_mic1.flac,311662
priv,p245,irish,2,audio/p245/p245_007_mic1.flac,233524
priv,p245,irish,2,audio/p245/p245_008_mic1.flac,401558
priv,p245,irish,2,audio/p245/p245_009_mic1.flac,203391
priv,p245,irish,2,audio/p245/p245_010_mic1.flac,146316
priv,p245,irish,2,audio/p245/p245_011_mic1.flac,341924
priv,p245,irish,2,audio/p245/p245_012_mic1.flac,212867
priv,p245,irish,2,audio/p245/p245_013_mic1.flac,216744
priv,p245,irish,2,audio/p245/p245_014_mic1.flac,256750
priv,p245,irish,2,audio/p245/p245_015_mic1.flac,293674
priv,p245,irish,2,audio/p245/p245_016_mic1.flac,340000
priv,p245,irish,2,audio/p245/p245_017_mic1.flac,158599
priv,p245,irish,2,audio/p245/p245_018_mic1.flac,271903
priv,p245,irish,2,audio/p245/p245_019_mic1.flac,370925
priv,p245,irish,2,audio/p245/p245_020_mic1.flac,188988
priv,p245,irish,2,audio/p245/p245_021_mic1.flac,479108
priv,p245,irish,2,audio/p245/p245_022_mic1.flac,365971
priv,p245,irish,2,audio/p245/p245_023_mic1.flac,592400
priv,p245,irish,2,audio/p245/p245_024_mic1.flac,368325
priv,p245,irish,2,audio/p245/p245_025_mic1.flac,111719
priv,p245,irish,2,audio/p245/p245_026_mic1.flac,86871
priv,p245,irish,2,audio/p245/p245_027_mic1.flac,83076
priv,p245,irish,2,audio/p245/p245_028_mic1.flac,210684
priv,p245,irish,2,audio/p245/p245_029_mic1.flac,248970
priv,p245,irish,2,audio/p245/p245_030_mic1.flac,95609
priv,p266,irish,2,audio/p266/p266_001_mic1.flac,86600
priv,p266,irish,2,audio/p266/p266_002_mic1.flac,161837
priv,p266,irish,2,audio/p266/p266_003_mic1.flac,297357
priv,p266,irish,2,audio/p266/p266_004_mic1.flac,205440
priv,p266,irish,2,audio/p266/p266_005_mic1.flac,261287
priv,p266,irish,2,audio/p266/p266_006_mic1.flac,244907
priv,p266,irish,2,audio/p266/p266_007_mic1.flac,203980
priv,p266,irish,2,audio/p266/p266_008_mic1.flac,303919
priv,p266,irish,2,audio/p266/p266_009_mic1.flac,186147
priv,p266,irish,2,audio/p266/p266_010_mic1.flac,124654
priv,p266,irish,2,audio/p266/p266_011_mic1.flac,272130
priv,p266,irish,2,audio/p266/p266_012_mic1.flac,194495
priv,p266,irish,2,audio/p266/p266_013_mic1.flac,193637
priv,p266,irish,2,audio/p266/p266_014_mic1.flac,201646
priv,p266,irish,2,audio/p266/p266_015_mic1.flac,241790
priv,p266,irish,2,audio/p266/p266_016_mic1.flac,281803
priv,p266,irish,2,audio/p266/p266_017_mic1.flac,187706
priv,p266,irish,2,audio/p266/p266_018_mic1.flac,253869
priv,p266,irish,2,audio/p266/p266_019_mic1.flac,330974
priv,p266,irish,2,audio/p266/p266_020_mic1.flac,172631
priv,p266,irish,2,audio/p266/p266_021_mic1.flac,399786
priv,p266,irish,2,audio/p266/p266_022_mic1.flac,279412
priv,p266,irish,2,audio/p266/p266_023_mic1.flac,478879
priv,p266,irish,2,audio/p266/p266_024_mic1.flac,286201
priv,p266,irish,2,audio/p266/p266_025_mic1.flac,87794
priv,p266,irish,2,audio/p266/p266_026_mic1.flac,189942
priv,p266,irish,2,audio/p266/p266_027_mic1.flac,75996
priv,p266,irish,2,audio/p266/p266_028_mic1.flac,132530
priv,p266,irish,2,audio/p266/p266_029_mic1.flac,86186
priv,p266,irish,2,audio/p266/p266_030_mic1.flac,185767
priv,p283,irish,2,audio/p283/p283_001_mic1.flac,101421
priv,p283,irish,2,audio/p283/p283_002_mic1.flac,177331
priv,p283,irish,2,audio/p283/p283_003_mic1.flac,367381
priv,p283,irish,2,audio/p283/p283_004_mic1.flac,282360
priv,p283,irish,2,audio/p283/p283_005_mic1.flac,328751
priv,p283,irish,2,audio/p283/p283_006_mic1.flac,285946
priv,p283,irish,2,audio/p283/p283_007_mic1.flac,230742
priv,p283,irish,2,audio/p283/p283_008_mic1.flac,373876
priv,p283,irish,2,audio/p283/p283_009_mic1.flac,222855
priv,p283,irish,2,audio/p283/p283_010_mic1.flac,147292
priv,p283,irish,2,audio/p283/p283_011_mic1.flac,344781
priv,p283,irish,2,audio/p283/p283_012_mic1.flac,237130
priv,p283,irish,2,audio/p283/p283_013_mic1.flac,252646
priv,p283,irish,2,audio/p283/p283_014_mic1.flac,241905
priv,p283,irish,2,audio/p283/p283_015_mic1.flac,377141
priv,p283,irish,2,audio/p283/p283_016_mic1.flac,361491
priv,p283,irish,2,audio/p283/p283_017_mic1.flac,189515
priv,p283,irish,2,audio/p283/p283_018_mic1.flac,291182
priv,p283,irish,2,audio/p283/p283_019_mic1.flac,397607
priv,p283,irish,2,audio/p283/p283_020_mic1.flac,252245
priv,p283,irish,2,audio/p283/p283_021_mic1.flac,441218
priv,p283,irish,2,audio/p283/p283_022_mic1.flac,334578
priv,p283,irish,2,audio/p283/p283_023_mic1.flac,597628
priv,p283,irish,2,audio/p283/p283_024_mic1.flac,336086
priv,p283,irish,2,audio/p283/p283_025_mic1.flac,163503
priv,p283,irish,2,audio/p283/p283_026_mic1.flac,111638
priv,p283,irish,2,audio/p283/p283_027_mic1.flac,114124
priv,p283,irish,2,audio/p283/p283_028_mic1.flac,107279
priv,p283,irish,2,audio/p283/p283_029_mic1.flac,111825
priv,p283,irish,2,audio/p283/p283_030_mic1.flac,101436
priv,p234,scottish,1,audio/p234/p234_001_mic1.flac,113180
priv,p234,scottish,1,audio/p234/p234_002_mic1.flac,180095
priv,p234,scottish,1,audio/p234/p234_003_mic1.flac,313928
priv,p234,scottish,1,audio/p234/p234_004_mic1.flac,219826
priv,p234,scottish,1,audio/p234/p234_005_mic1.flac,315793
priv,p234,scottish,1,audio/p234/p234_006_mic1.flac,262890
priv,p234,scottish,1,audio/p234/p234_007_mic1.flac,230095
priv,p234,scottish,1,audio/p234/p234_008_mic1.flac,327282
priv,p234,scottish,1,audio/p234/p234_009_mic1.flac,223231
priv,p234,scottish,1,audio/p234/p234_010_mic1.flac,145348
priv,p234,scottish,1,audio/p234/p234_012_mic1.flac,212901
priv,p234,scottish,1,audio/p234/p234_013_mic1.flac,204415
priv,p234,scottish,1,audio/p234/p234_014_mic1.flac,211254
priv,p234,scottish,1,audio/p234/p234_015_mic1.flac,277216
priv,p234,scottish,1,audio/p234/p234_016_mic1.flac,308618
priv,p234,scottish,1,audio/p234/p234_017_mic1.flac,184601
priv,p234,scottish,1,audio/p234/p234_018_mic1.flac,272996
priv,p234,scottish,1,audio/p234/p234_019_mic1.flac,363614
priv,p234,scottish,1,audio/p234/p234_020_mic1.flac,225523
priv,p234,scottish,1,audio/p234/p234_021_mic1.flac,450033
priv,p234,scottish,1,audio/p234/p234_022_mic1.flac,324127
priv,p234,scottish,1,audio/p234/p234_023_mic1.flac,449473
priv,p234,scottish,1,audio/p234/p234_024_mic1.flac,299837
priv,p234,scottish,1,audio/p234/p234_025_mic1.flac,123164
priv,p234,scottish,1,audio/p234/p234_026_mic1.flac,94307
priv,p234,scottish,1,audio/p234/p234_027_mic1.flac,171340
priv,p234,scottish,1,audio/p234/p234_028_mic1.flac,166172
priv,p234,scottish,1,audio/p234/p234_029_mic1.flac,157096
priv,p234,scottish,1,audio/p234/p234_030_mic1.flac,210136
priv,p234,scottish,1,audio/p234/p234_031_mic1.flac,97691
priv,p237,scottish,1,audio/p237/p237_001_mic1.flac,90547
priv,p237,scottish,1,audio/p237/p237_002_mic1.flac,172780
priv,p237,scottish,1,audio/p237/p237_003_mic1.flac,315602
priv,p237,scottish,1,audio/p237/p237_004_mic1.flac,225608
priv,p237,scottish,1,audio/p237/p237_005_mic1.flac,273288
priv,p237,scottish,1,audio/p237/p237_006_mic1.flac,251460
priv,p237,scottish,1,audio/p237/p237_007_mic1.flac,191517
priv,p237,scottish,1,audio/p237/p237_008_mic1.flac,294627
priv,p237,scottish,1,audio/p237/p237_009_mic1.flac,242358
priv,p237,scottish,1,audio/p237/p237_010_mic1.flac,133371
priv,p237,scottish,1,audio/p237/p237_011_mic1.flac,279366
priv,p237,scottish,1,audio/p237/p237_012_mic1.flac,198311
priv,p237,scottish,1,audio/p237/p237_013_mic1.flac,207218
priv,p237,scottish,1,audio/p237/p237_014_mic1.flac,210012
priv,p237,scottish,1,audio/p237/p237_015_mic1.flac,242923
priv,p237,scottish,1,audio/p237/p237_016_mic1.flac,321517
priv,p237,scottish,1,audio/p237/p237_017_mic1.flac,170500
priv,p237,scottish,1,audio/p237/p237_018_mic1.flac,250442
priv,p237,scottish,1,audio/p237/p237_019_mic1.flac,319393
priv,p237,scottish,1,audio/p237/p237_020_mic1.flac,166645
priv,p237,scottish,1,audio/p237/p237_021_mic1.flac,359419
priv,p237,scottish,1,audio/p237/p237_023_mic1.flac,456047
priv,p237,scottish,1,audio/p237/p237_024_mic1.flac,296583
priv,p237,scottish,1,audio/p237/p237_025_mic1.flac,153013
priv,p237,scottish,1,audio/p237/p237_026_mic1.flac,101263
priv,p237,scottish,1,audio/p237/p237_027_mic1.flac,79737
priv,p237,scottish,1,audio/p237/p237_028_mic1.flac,175958
priv,p237,scottish,1,audio/p237/p237_029_mic1.flac,186857
priv,p237,scottish,1,audio/p237/p237_030_mic1.flac,179440
priv,p237,scottish,1,audio/p237/p237_031_mic1.flac,185299
priv,p241,scottish,1,audio/p241/p241_001_mic1.flac,91493
priv,p241,scottish,1,audio/p241/p241_002_mic1.flac,163200
priv,p241,scottish,1,audio/p241/p241_003_mic1.flac,347555
priv,p241,scottish,1,audio/p241/p241_004_mic1.flac,214026
priv,p241,scottish,1,audio/p241/p241_005_mic1.flac,285254
priv,p241,scottish,1,audio/p241/p241_006_mic1.flac,248286
priv,p241,scottish,1,audio/p241/p241_007_mic1.flac,183834
priv,p241,scottish,1,audio/p241/p241_008_mic1.flac,344705
priv,p241,scottish,1,audio/p241/p241_009_mic1.flac,203049
priv,p241,scottish,1,audio/p241/p241_010_mic1.flac,140984
priv,p241,scottish,1,audio/p241/p241_011_mic1.flac,332493
priv,p241,scottish,1,audio/p241/p241_012_mic1.flac,212695
priv,p241,scottish,1,audio/p241/p241_013_mic1.flac,203315
priv,p241,scottish,1,audio/p241/p241_014_mic1.flac,219841
priv,p241,scottish,1,audio/p241/p241_016_mic1.flac,303353
priv,p241,scottish,1,audio/p241/p241_017_mic1.flac,171995
priv,p241,scottish,1,audio/p241/p241_018_mic1.flac,251719
priv,p241,scottish,1,audio/p241/p241_019_mic1.flac,336836
priv,p241,scottish,1,audio/p241/p241_021_mic1.flac,413594
priv,p241,scottish,1,audio/p241/p241_023_mic1.flac,484185
priv,p241,scottish,1,audio/p241/p241_024_mic1.flac,308307
priv,p241,scottish,1,audio/p241/p241_025_mic1.flac,163112
priv,p241,scottish,1,audio/p241/p241_026_mic1.flac,154851
priv,p241,scottish,1,audio/p241/p241_027_mic1.flac,147032
priv,p241,scottish,1,audio/p241/p241_028_mic1.flac,145871
priv,p241,scottish,1,audio/p241/p241_029_mic1.flac,151080
priv,p241,scottish,1,audio/p241/p241_030_mic1.flac,153973
priv,p241,scottish,1,audio/p241/p241_031_mic1.flac,201442
priv,p241,scottish,1,audio/p241/p241_032_mic1.flac,83472
priv,p241,scottish,1,audio/p241/p241_033_mic1.flac,103428
test,p305,american,3,audio/p305/p305_001_mic1.flac,105492
test,p305,american,3,audio/p305/p305_002_mic1.flac,183908
test,p305,american,3,audio/p305/p305_003_mic1.flac,387479
test,p305,american,3,audio/p305/p305_004_mic1.flac,245969
test,p305,american,3,audio/p305/p305_005_mic1.flac,337400
test,p305,american,3,audio/p305/p305_006_mic1.flac,279208
test,p305,american,3,audio/p305/p305_007_mic1.flac,219552
test,p305,american,3,audio/p305/p305_008_mic1.flac,451647
test,p305,american,3,audio/p305/p305_009_mic1.flac,253945
test,p305,american,3,audio/p305/p305_010_mic1.flac,133739
test,p305,american,3,audio/p305/p305_011_mic1.flac,345300
test,p305,american,3,audio/p305/p305_012_mic1.flac,213329
test,p305,american,3,audio/p305/p305_013_mic1.flac,234314
test,p305,american,3,audio/p305/p305_014_mic1.flac,216839
test,p305,american,3,audio/p305/p305_015_mic1.flac,309693
test,p305,american,3,audio/p305/p305_016_mic1.flac,334184
test,p305,american,3,audio/p305/p305_017_mic1.flac,193621
test,p305,american,3,audio/p305/p305_018_mic1.flac,281502
test,p305,american,3,audio/p305/p305_019_mic1.flac,426390
test,p305,american,3,audio/p305/p305_020_mic1.flac,212296
test,p305,american,3,audio/p305/p305_021_mic1.flac,496927
test,p305,american,3,audio/p305/p305_022_mic1.flac,369885
test,p305,american,3,audio/p305/p305_023_mic1.flac,594584
test,p305,american,3,audio/p305/p305_024_mic1.flac,349465
test,p305,american,3,audio/p305/p305_025_mic1.flac,237756
test,p305,american,3,audio/p305/p305_026_mic1.flac,193818
test,p305,american,3,audio/p305/p305_027_mic1.flac,172990
test,p305,american,3,audio/p305/p305_028_mic1.flac,164647
test,p305,american,3,audio/p305/p305_029_mic1.flac,175581
test,p305,american,3,audio/p305/p305_030_mic1.flac,115755
test,p230,english,0,audio/p230/p230_001_mic1.flac,91707
test,p230,english,0,audio/p230/p230_002_mic1.flac,196009
test,p230,english,0,audio/p230/p230_003_mic1.flac,370102
test,p230,english,0,audio/p230/p230_005_mic1.flac,361192
test,p230,english,0,audio/p230/p230_006_mic1.flac,289989
test,p230,english,0,audio/p230/p230_007_mic1.flac,240533
test,p230,english,0,audio/p230/p230_008_mic1.flac,396630
test,p230,english,0,audio/p230/p230_009_mic1.flac,225208
test,p230,english,0,audio/p230/p230_010_mic1.flac,132745
test,p230,english,0,audio/p230/p230_012_mic1.flac,210562
test,p230,english,0,audio/p230/p230_013_mic1.flac,237438
test,p230,english,0,audio/p230/p230_014_mic1.flac,261024
test,p230,english,0,audio/p230/p230_016_mic1.flac,387254
test,p230,english,0,audio/p230/p230_017_mic1.flac,180843
test,p230,english,0,audio/p230/p230_018_mic1.flac,310201
test,p230,english,0,audio/p230/p230_019_mic1.flac,467135
test,p230,english,0,audio/p230/p230_020_mic1.flac,200492
test,p230,english,0,audio/p230/p230_021_mic1.flac,506234
test,p230,english,0,audio/p230/p230_023_mic1.flac,657720
test,p230,english,0,audio/p230/p230_024_mic1.flac,360037
test,p230,english,0,audio/p230/p230_025_mic1.flac,103554
test,p230,english,0,audio/p230/p230_026_mic1.flac,146996
test,p230,english,0,audio/p230/p230_027_mic1.flac,157969
test,p230,english,0,audio/p230/p230_028_mic1.flac,117452
test,p230,english,0,audio/p230/p230_029_mic1.flac,168945
test,p230,english,0,audio/p230/p230_030_mic1.flac,191750
test,p230,english,0,audio/p230/p230_031_mic1.flac,118500
test,p230,english,0,audio/p230/p230_032_mic1.flac,108373
test,p230,english,0,audio/p230/p230_033_mic1.flac,207634
test,p230,english,0,audio/p230/p230_034_mic1.flac,114315
test,p298,irish,2,audio/p298/p298_001_mic1.flac,111630
test,p298,irish,2,audio/p298/p298_002_mic1.flac,168129
test,p298,irish,2,audio/p298/p298_003_mic1.flac,304534
test,p298,irish,2,audio/p298/p298_004_mic1.flac,203227
test,p298,irish,2,audio/p298/p298_005_mic1.flac,247973
test,p298,irish,2,audio/p298/p298_006_mic1.flac,268057
test,p298,irish,2,audio/p298/p298_007_mic1.flac,182832
test,p298,irish,2,audio/p298/p298_008_mic1.flac,290298
test,p298,irish,2,audio/p298/p298_009_mic1.flac,181929
test,p298,irish,2,audio/p298/p298_010_mic1.flac,128051
test,p298,irish,2,audio/p298/p298_011_mic1.flac,286010
test,p298,irish,2,audio/p298/p298_012_mic1.flac,185733
test,p298,irish,2,audio/p298/p298_013_mic1.flac,190560
test,p298,irish,2,audio/p298/p298_014_mic1.flac,195651
test,p298,irish,2,audio/p298/p298_015_mic1.flac,267685
test,p298,irish,2,audio/p298/p298_016_mic1.flac,286729
test,p298,irish,2,audio/p298/p298_017_mic1.flac,156519
test,p298,irish,2,audio/p298/p298_018_mic1.flac,294560
test,p298,irish,2,audio/p298/p298_019_mic1.flac,316639
test,p298,irish,2,audio/p298/p298_020_mic1.flac,179122
test,p298,irish,2,audio/p298/p298_021_mic1.flac,408217
test,p298,irish,2,audio/p298/p298_022_mic1.flac,293743
test,p298,irish,2,audio/p298/p298_023_mic1.flac,416682
test,p298,irish,2,audio/p298/p298_024_mic1.flac,299543
test,p298,irish,2,audio/p298/p298_025_mic1.flac,136374
test,p298,irish,2,audio/p298/p298_026_mic1.flac,167803
test,p298,irish,2,audio/p298/p298_027_mic1.flac,161758
test,p298,irish,2,audio/p298/p298_028_mic1.flac,127965
test,p298,irish,2,audio/p298/p298_029_mic1.flac,129253
test,p298,irish,2,audio/p298/p298_030_mic1.flac,140871
test,p249,scottish,1,audio/p249/p249_002_mic1.flac,163113
test,p249,scottish,1,audio/p249/p249_003_mic1.flac,368056
test,p249,scottish,1,audio/p249/p249_004_mic1.flac,233560
test,p249,scottish,1,audio/p249/p249_005_mic1.flac,326743
test,p249,scottish,1,audio/p249/p249_006_mic1.flac,283630
test,p249,scottish,1,audio/p249/p249_007_mic1.flac,210357
test,p249,scottish,1,audio/p249/p249_008_mic1.flac,340864
test,p249,scottish,1,audio/p249/p249_009_mic1.flac,218981
test,p249,scottish,1,audio/p249/p249_010_mic1.flac,137480
test,p249,scottish,1,audio/p249/p249_011_mic1.flac,333543
test,p249,scottish,1,audio/p249/p249_012_mic1.flac,218774
test,p249,scottish,1,audio/p249/p249_013_mic1.flac,220164
test,p249,scottish,1,audio/p249/p249_014_mic1.flac,253242
test,p249,scottish,1,audio/p249/p249_016_mic1.flac,318447
test,p249,scottish,1,audio/p249/p249_017_mic1.flac,193097
test,p249,scottish,1,audio/p249/p249_018_mic1.flac,253696
test,p249,scottish,1,audio/p249/p249_019_mic1.flac,389166
test,p249,scottish,1,audio/p249/p249_020_mic1.flac,194110
test,p249,scottish,1,audio/p249/p249_021_mic1.flac,443135
test,p249,scottish,1,audio/p249/p249_022_mic1.flac,339385
test,p249,scottish,1,audio/p249/p249_023_mic1.flac,553205
test,p249,scottish,1,audio/p249/p249_024_mic1.flac,329472
test,p249,scottish,1,audio/p249/p249_025_mic1.flac,218997
test,p249,scottish,1,audio/p249/p249_026_mic1.flac,204969
test,p249,scottish,1,audio/p249/p249_027_mic1.flac,89508
test,p249,scottish,1,audio/p249/p249_028_mic1.flac,97337
test,p249,scottish,1,audio/p249/p249_029_mic1.flac,97837
test,p249,scottish,1,audio/p249/p249_030_mic1.flac,92308
test,p249,scottish,1,audio/p249/p249_031_mic1.flac,178935
test,p249,scottish,1,audio/p249/p249_032_mic1.flac,124855
